audio_hidden,video_hidden,text_hidden,audio_dropout,video_dropout,text_dropout,factor_learning_rate,learning_rate,rank,batch_size,weight_decay,Best Validation MAE,Confidence accuracy,Passionate accuracy,Pleasant accuracy,Dominant accuracy,Credible accuracy,Vivid accuracy,Expertise accuracy,Entertaining accuracy,Reserved accuracy,Trusting accuracy,Relaxed accuracy,Outgoing accuracy,Thorough accuracy,Nervous accuracy,Persuasive accuracy,Humorous accuracy,Confidence MAE,Passionate MAE,Pleasant MAE,Dominant MAE,Credible MAE,Vivid MAE,Expertise MAE,Entertaining MAE,Reserved MAE,Trusting MAE,Relaxed MAE,Outgoing MAE,Thorough MAE,Nervous MAE,Persuasive MAE,Humorous MAE,Confidence corr,Passionate corr,Pleasant corr,Dominant corr,Credible corr,Vivid corr,Expertise corr,Entertaining corr,Reserved corr,Trusting corr,Relaxed corr,Outgoing corr,Thorough corr,Nervous corr,Persuasive corr,Humorous corr
8,16,128,0.2,0.2,0.3,0.001,0.003,4,64,0.002,0.85264404296875,0.246,0.296,0.305,0.34,0.256,0.325,0.236,0.3,0.33,0.502,0.438,0.384,0.369,0.374,0.212,0.355,1.011,1.088,0.896,0.888,1.065,1.028,1.037,0.954,0.866,0.548,0.61,0.707,0.762,0.742,1.133,0.751,0.281,0.29,0.149,0.199,0.13,0.12,0.124,0.283,0.241,-0.053,0.181,0.202,0.111,-0.163,0.148,0.242
8,4,128,0,0,0,0.003,0.001,16,32,0.01,0.8740908813476562,0.236,0.266,0.315,0.335,0.246,0.271,0.286,0.3,0.315,0.517,0.488,0.389,0.429,0.384,0.232,0.355,1.021,1.102,0.895,0.892,1.043,1.047,1.042,0.966,0.925,0.586,0.612,0.735,0.753,0.732,1.108,0.732,0.237,0.235,0.178,0.23,0.191,0.213,0.189,0.306,-0.023,-0.062,0.227,0.131,0.177,-0.029,0.186,0.238
16,16,128,0.15,0.2,0.5,0.0005,0.0005,8,128,0.01,0.8974211883544921,0.222,0.296,0.325,0.35,0.271,0.3,0.291,0.296,0.31,0.414,0.448,0.369,0.365,0.438,0.217,0.394,1.032,1.116,0.881,0.894,1.108,1.053,1.045,0.966,0.89,0.563,0.598,0.709,0.765,0.701,1.139,0.749,0.237,0.216,0.16,0.231,0.13,0.159,0.153,0.253,0.182,-0.028,0.1,0.187,0.105,0.174,0.16,0.174
16,4,256,0.1,0,0.15,0.001,0.001,8,32,0.002,0.8632975769042969,0.227,0.315,0.325,0.345,0.256,0.256,0.261,0.315,0.32,0.517,0.488,0.424,0.365,0.458,0.276,0.374,1.01,1.08,0.89,0.873,1.069,1.046,1.06,0.94,0.889,0.555,0.589,0.703,0.738,0.68,1.116,0.742,0.289,0.294,0.082,0.265,0.126,0.149,0.142,0.297,0.185,-0.043,0.083,0.198,0.115,0.236,0.179,0.273
4,8,128,0.15,0.1,0.1,0.0005,0.0005,4,64,0.01,0.8585562133789062,0.236,0.197,0.335,0.34,0.256,0.3,0.276,0.296,0.315,0.374,0.498,0.389,0.35,0.389,0.256,0.355,1.028,1.124,0.866,0.89,1.055,1.037,1.055,0.966,0.898,0.6,0.596,0.705,0.747,0.728,1.118,0.738,0.256,0.225,0.235,0.204,0.16,0.194,0.118,0.263,0.024,-0.025,0.122,0.127,0.128,-0.037,0.185,0.27
16,16,128,0.5,0.15,0.5,0.0005,0.0003,8,64,0.01,0.8506020355224609,0.256,0.31,0.34,0.33,0.256,0.305,0.251,0.3,0.32,0.389,0.493,0.374,0.345,0.414,0.236,0.384,1.036,1.09,0.87,0.882,1.066,1.056,1.033,0.982,0.907,0.563,0.598,0.735,0.756,0.719,1.135,0.759,0.225,0.274,0.163,0.207,0.126,0.128,0.16,0.206,0.061,-0.002,0.075,0.176,0.092,0.005,0.163,0.183
16,16,128,0,0.1,0.2,0.001,0.0005,1,32,0.001,0.8652360534667969,0.281,0.266,0.31,0.325,0.261,0.32,0.305,0.34,0.32,0.458,0.473,0.414,0.35,0.438,0.212,0.384,0.985,1.068,0.857,0.88,1.063,0.992,1.013,0.913,0.852,0.562,0.588,0.688,0.748,0.682,1.092,0.734,0.353,0.301,0.262,0.284,0.198,0.264,0.248,0.361,0.292,-0.063,0.179,0.322,0.182,0.232,0.24,0.305
4,16,128,0.2,0.15,0.5,0.003,0.001,16,8,0.002,0.8575679016113281,0.261,0.222,0.305,0.345,0.261,0.32,0.227,0.35,0.315,0.547,0.478,0.409,0.389,0.409,0.261,0.399,0.963,1.059,0.915,0.857,1.046,1.05,1.042,0.921,0.862,0.557,0.595,0.678,0.742,0.692,1.069,0.747,0.361,0.346,-0.019,0.334,0.189,0.205,0.239,0.339,0.273,-0.02,0.113,0.284,0.199,0.217,0.226,0.307
16,8,256,0.2,0.5,0.3,0.003,0.003,1,16,0.002,0.8470543670654297,0.286,0.266,0.291,0.34,0.261,0.286,0.305,0.369,0.34,0.433,0.463,0.409,0.345,0.438,0.251,0.355,0.983,1.077,0.895,0.88,1.04,1.025,1.056,0.943,0.85,0.554,0.595,0.675,0.736,0.676,1.122,0.756,0.333,0.341,0.159,0.283,0.228,0.214,0.207,0.325,0.36,0.025,0.1,0.339,0.203,0.278,0.224,0.286
16,4,128,0.3,0.1,0.2,0.003,0.003,1,4,0,0.858369140625,0.236,0.227,0.266,0.33,0.276,0.305,0.256,0.3,0.31,0.542,0.493,0.384,0.404,0.424,0.241,0.384,1.046,1.109,0.926,0.911,1.073,1.038,1.052,0.952,0.917,0.565,0.655,0.758,0.792,0.695,1.112,0.747,0.195,0.242,0.086,0.18,0.145,0.131,0.165,0.266,0.184,-0.035,0.189,0.162,0.124,0.164,0.175,0.255
8,8,64,0.2,0,0,0.003,0.0005,16,128,0.001,0.8495740509033203,0.286,0.246,0.335,0.345,0.227,0.32,0.251,0.296,0.335,0.527,0.507,0.384,0.389,0.414,0.251,0.35,1.021,1.102,0.885,0.894,1.053,1.037,1.05,0.969,0.889,0.551,0.587,0.714,0.75,0.706,1.075,0.745,0.22,0.239,0.085,0.154,0.159,0.126,0.114,0.23,0.122,0.059,0.187,0.059,0.121,0.086,0.191,0.158
16,4,128,0.2,0.1,0.15,0.001,0.0003,8,8,0,0.8789787292480469,0.241,0.31,0.315,0.33,0.256,0.276,0.251,0.31,0.325,0.517,0.498,0.384,0.335,0.453,0.177,0.365,1.037,1.118,0.901,0.935,1.122,1.102,1.093,0.988,0.912,0.549,0.615,0.736,0.78,0.698,1.208,0.759,0.259,0.255,0.087,0.174,0.111,0.079,0.106,0.238,0.152,-0.008,0.103,0.172,0.086,0.139,0.138,0.221
8,16,256,0.2,0.1,0.3,0.003,0.001,16,4,0,0.8677631378173828,0.261,0.256,0.276,0.35,0.271,0.31,0.232,0.3,0.315,0.532,0.498,0.374,0.291,0.424,0.271,0.384,1.023,1.108,0.923,0.906,1.049,1.02,1.041,0.967,0.942,0.576,0.583,0.711,0.798,0.695,1.097,0.76,0.216,0.212,0.086,0.221,0.079,0.145,0.095,0.258,0.22,0.114,0.014,0.182,0.057,0.207,0.135,0.267
4,8,256,0.2,0.5,0.3,0.0003,0.0003,4,16,0.001,0.8479764556884766,0.251,0.286,0.34,0.34,0.256,0.291,0.256,0.305,0.34,0.542,0.498,0.379,0.36,0.419,0.232,0.369,1.003,1.089,0.884,0.888,1.088,1.021,1.061,0.985,0.888,0.534,0.598,0.699,0.744,0.683,1.121,0.756,0.262,0.249,-0.021,0.246,0.078,0.12,0.105,0.219,0.246,0.003,0.084,0.196,0.095,0.23,0.121,0.23
4,16,256,0.5,0.15,0,0.0003,0.003,4,8,0,0.86870361328125,0.227,0.261,0.345,0.33,0.251,0.305,0.281,0.291,0.315,0.527,0.502,0.404,0.374,0.429,0.236,0.394,1.021,1.069,0.899,0.872,1.061,0.995,1.048,0.943,0.886,0.585,0.616,0.692,0.737,0.696,1.096,0.738,0.273,0.317,0.06,0.257,0.167,0.246,0.197,0.314,0.291,-0.058,0.151,0.239,0.169,0.224,0.22,0.306
8,8,64,0.5,0.15,0,0.0003,0.001,1,16,0.001,0.8400788116455078,0.236,0.315,0.261,0.345,0.266,0.325,0.32,0.3,0.276,0.409,0.433,0.34,0.379,0.36,0.256,0.335,0.981,0.982,0.966,0.858,0.999,0.987,0.934,0.916,0.949,0.665,0.663,0.753,0.775,0.774,1.058,0.756,0.42,0.412,0.134,0.323,0.311,0.333,0.408,0.349,-0.001,-0.046,0.122,0.239,0.276,-0.113,0.289,0.244
16,16,256,0.1,0.5,0.5,0.003,0.001,8,128,0.002,0.8505230712890625,0.232,0.261,0.325,0.34,0.256,0.32,0.256,0.3,0.34,0.502,0.507,0.399,0.355,0.433,0.261,0.36,1.025,1.089,0.895,0.894,1.097,1.034,1.069,0.975,0.866,0.561,0.584,0.703,0.758,0.687,1.119,0.746,0.249,0.253,0.046,0.193,0.104,0.123,0.109,0.244,0.244,-0.034,0.106,0.168,0.047,0.168,0.123,0.257
8,16,64,0.15,0.5,0.2,0.0003,0.0005,8,128,0.002,0.9021827697753906,0.241,0.251,0.3,0.31,0.241,0.286,0.246,0.291,0.291,0.355,0.419,0.374,0.35,0.419,0.241,0.36,1.036,1.106,0.931,0.91,1.105,1.059,1.113,1.001,0.934,0.605,0.645,0.751,0.749,0.754,1.149,0.759,0.215,0.209,0.049,0.132,0.034,0.048,-0.011,0.177,-0.108,-0.005,0.054,0.108,0.068,-0.038,0.102,0.153
4,16,64,0.3,0.5,0.3,0.0005,0.0005,16,8,0.002,0.8402691650390625,0.291,0.325,0.266,0.345,0.266,0.35,0.32,0.291,0.31,0.399,0.404,0.315,0.438,0.384,0.251,0.384,0.986,1.041,0.958,0.869,0.989,0.954,0.927,0.934,0.951,0.654,0.649,0.774,0.714,0.752,1.059,0.761,0.369,0.371,0.076,0.328,0.336,0.372,0.421,0.335,-0.047,-0.025,0.142,0.183,0.331,-0.017,0.282,0.247
4,8,64,0,0.15,0.2,0.003,0.0003,16,64,0.01,0.8461940002441406,0.241,0.305,0.281,0.34,0.241,0.32,0.32,0.305,0.281,0.493,0.468,0.379,0.409,0.414,0.256,0.365,0.995,1.04,0.916,0.873,1.0,0.978,0.974,0.933,0.924,0.59,0.607,0.733,0.695,0.716,1.065,0.756,0.332,0.369,0.049,0.229,0.284,0.32,0.311,0.307,0.045,0.017,0.105,0.164,0.309,0.086,0.259,0.225
8,16,256,0.5,0.2,0,0.001,0.003,4,32,0.001,0.8464348602294922,0.241,0.271,0.34,0.34,0.256,0.3,0.286,0.291,0.315,0.522,0.502,0.394,0.404,0.419,0.217,0.414,0.999,1.081,0.876,0.891,1.049,1.007,1.022,0.954,0.863,0.532,0.595,0.694,0.739,0.698,1.132,0.744,0.304,0.285,0.176,0.276,0.171,0.191,0.189,0.295,0.288,0.025,0.109,0.247,0.158,0.275,0.2,0.29
8,16,256,0,0.15,0.1,0.001,0.0003,4,32,0.002,0.8588746643066406,0.261,0.286,0.315,0.35,0.271,0.305,0.271,0.32,0.33,0.527,0.473,0.345,0.419,0.394,0.236,0.36,0.995,1.071,0.888,0.876,1.042,1.022,1.039,0.95,0.865,0.538,0.587,0.736,0.757,0.697,1.116,0.735,0.322,0.282,0.1,0.272,0.222,0.227,0.208,0.296,0.269,0.114,0.159,0.172,0.12,0.227,0.191,0.318
4,4,64,0.15,0.15,0.2,0.003,0.003,16,8,0.01,0.8608649444580078,0.261,0.251,0.3,0.325,0.251,0.305,0.246,0.296,0.31,0.527,0.502,0.384,0.404,0.34,0.266,0.384,1.017,1.129,0.908,0.922,1.085,1.028,1.039,0.985,0.915,0.55,0.759,0.716,0.768,0.733,1.089,0.753,0.255,0.217,-0.004,0.199,0.099,0.161,0.143,0.229,0.145,-0.048,0.107,0.181,0.125,0.086,0.162,0.233
16,8,64,0.2,0.5,0.1,0.003,0.003,16,4,0.001,0.8482881164550782,0.276,0.271,0.3,0.384,0.251,0.291,0.246,0.3,0.34,0.542,0.458,0.394,0.335,0.453,0.212,0.335,1.009,1.099,0.926,0.87,1.078,1.039,1.045,1.017,0.864,0.537,0.603,0.699,0.753,0.681,1.175,0.751,0.287,0.253,-0.049,0.314,0.141,0.143,0.166,0.271,0.277,0.033,0.065,0.243,0.19,0.232,0.165,0.275
16,4,64,0.3,0.2,0.15,0.0005,0.0003,1,32,0.01,0.8343024444580078,0.241,0.3,0.305,0.345,0.232,0.345,0.31,0.31,0.286,0.369,0.424,0.36,0.379,0.438,0.241,0.365,1.0,1.058,0.919,0.869,1.03,0.946,0.97,0.941,0.961,0.667,0.663,0.77,0.722,0.743,1.095,0.776,0.362,0.342,0.116,0.283,0.275,0.358,0.357,0.316,-0.057,0.0,0.124,0.18,0.318,-0.027,0.238,0.21
8,4,256,0,0,0,0.003,0.003,4,8,0.001,0.8699365997314453,0.241,0.227,0.33,0.34,0.212,0.276,0.276,0.32,0.325,0.527,0.498,0.424,0.369,0.429,0.227,0.404,1.015,1.093,0.893,0.888,1.073,1.054,1.023,0.959,0.887,0.613,0.604,0.694,0.762,0.711,1.14,0.743,0.283,0.293,0.149,0.253,0.195,0.239,0.218,0.262,0.119,0.045,0.097,0.208,0.18,0.163,0.184,0.22
8,4,64,0.2,0.1,0.3,0.001,0.0005,1,8,0.001,0.8461174011230469,0.266,0.335,0.266,0.36,0.227,0.31,0.305,0.315,0.296,0.429,0.453,0.399,0.394,0.404,0.256,0.379,0.957,1.005,0.926,0.869,1.029,0.986,0.994,0.927,0.933,0.613,0.615,0.727,0.716,0.732,1.067,0.746,0.382,0.4,0.052,0.318,0.254,0.306,0.303,0.361,0.072,0.043,0.118,0.202,0.269,0.105,0.229,0.3
8,8,128,0.3,0,0,0.003,0.001,4,4,0.001,0.9065406036376953,0.236,0.197,0.33,0.32,0.281,0.335,0.271,0.281,0.33,0.562,0.389,0.404,0.424,0.404,0.232,0.35,1.043,1.175,0.921,0.939,1.061,1.08,1.06,0.983,0.877,0.529,0.82,0.681,0.78,0.696,1.156,0.78,0.237,0.229,-0.025,0.228,0.165,0.097,0.092,0.251,0.234,0.063,0.12,0.275,0.13,0.206,0.136,0.148
16,4,64,0,0.5,0.3,0.0003,0.0003,1,4,0,0.8306882476806641,0.251,0.32,0.261,0.36,0.276,0.355,0.296,0.315,0.315,0.433,0.473,0.36,0.384,0.399,0.236,0.32,0.977,1.023,0.907,0.888,1.056,1.023,0.996,0.947,0.95,0.633,0.632,0.748,0.762,0.76,1.123,0.764,0.357,0.377,0.157,0.249,0.238,0.247,0.313,0.319,-0.055,-0.038,0.074,0.193,0.247,-0.076,0.194,0.229
8,4,128,0.2,0.3,0.1,0.001,0.001,4,16,0.002,0.8585561370849609,0.246,0.276,0.286,0.355,0.286,0.325,0.266,0.365,0.305,0.512,0.483,0.414,0.355,0.438,0.236,0.409,0.994,1.08,0.915,0.859,1.041,1.001,1.023,0.904,0.866,0.555,0.597,0.678,0.735,0.687,1.114,0.762,0.342,0.306,0.01,0.331,0.216,0.221,0.247,0.354,0.276,0.017,0.101,0.301,0.227,0.256,0.184,0.304
16,4,128,0.1,0.1,0.1,0.001,0.0005,8,32,0.002,0.8557810974121094,0.232,0.246,0.32,0.36,0.271,0.3,0.276,0.325,0.33,0.498,0.473,0.374,0.365,0.438,0.232,0.374,0.997,1.079,0.887,0.886,1.039,1.031,1.024,0.947,0.867,0.554,0.574,0.715,0.743,0.69,1.083,0.741,0.316,0.307,0.141,0.213,0.199,0.177,0.217,0.287,0.215,0.003,0.241,0.189,0.176,0.197,0.234,0.252
16,16,64,0,0.3,0.5,0.0005,0.0005,16,4,0,0.8788599395751953,0.251,0.305,0.256,0.32,0.251,0.305,0.325,0.291,0.291,0.399,0.478,0.355,0.394,0.448,0.202,0.438,1.016,1.031,0.922,0.877,1.047,1.027,0.983,0.933,0.921,0.614,0.64,0.739,0.756,0.716,1.154,0.763,0.38,0.402,0.207,0.35,0.322,0.316,0.382,0.382,0.113,0.041,0.165,0.264,0.278,0.129,0.262,0.287
4,4,128,0,0.1,0.5,0.003,0.0003,4,8,0.002,0.8587691497802734,0.246,0.197,0.32,0.325,0.271,0.31,0.236,0.305,0.296,0.448,0.448,0.389,0.448,0.419,0.251,0.419,1.033,1.13,0.896,0.908,1.025,0.978,1.009,0.963,0.92,0.559,0.597,0.735,0.709,0.717,1.054,0.75,0.295,0.295,0.079,0.229,0.244,0.321,0.251,0.307,-0.018,0.027,0.141,0.157,0.27,0.051,0.269,0.282
8,8,64,0.15,0.3,0.5,0.0003,0.003,1,32,0.001,0.8561674499511719,0.261,0.276,0.266,0.35,0.251,0.286,0.286,0.31,0.325,0.419,0.414,0.394,0.374,0.424,0.241,0.36,0.996,1.078,0.917,0.862,1.073,1.013,1.02,0.938,0.926,0.59,0.607,0.709,0.744,0.74,1.091,0.747,0.313,0.294,0.104,0.27,0.144,0.191,0.188,0.302,-0.053,0.02,0.166,0.244,0.18,-0.116,0.198,0.195
4,8,256,0.2,0,0.5,0.0003,0.003,1,128,0,0.8800253295898437,0.286,0.182,0.325,0.325,0.246,0.286,0.276,0.3,0.345,0.419,0.488,0.389,0.379,0.36,0.261,0.409,1.041,1.116,0.905,0.881,1.049,1.063,1.05,0.971,0.92,0.611,0.606,0.704,0.761,0.755,1.062,0.739,0.283,0.276,0.171,0.224,0.135,0.117,0.083,0.207,0.002,-0.001,0.102,0.177,-0.039,-0.236,0.218,0.279
16,4,256,0.2,0.1,0,0.003,0.0003,16,16,0,0.8360045623779296,0.271,0.266,0.266,0.335,0.281,0.374,0.34,0.3,0.33,0.443,0.389,0.379,0.458,0.424,0.246,0.365,0.969,1.034,0.989,0.867,1.056,0.959,0.958,0.929,0.874,0.603,0.628,0.72,0.724,0.684,1.091,0.745,0.383,0.393,-0.008,0.354,0.3,0.35,0.398,0.36,0.231,0.016,0.148,0.254,0.334,0.268,0.299,0.324
4,4,256,0,0.1,0.3,0.0003,0.0003,4,128,0.01,0.86598876953125,0.266,0.236,0.345,0.335,0.246,0.31,0.271,0.296,0.3,0.438,0.453,0.399,0.429,0.414,0.271,0.355,1.013,1.137,0.88,0.894,1.058,1.017,1.031,0.98,0.91,0.597,0.614,0.703,0.73,0.719,1.076,0.757,0.207,0.183,0.117,0.123,-0.014,0.145,0.137,0.077,-0.094,-0.035,-0.047,0.135,0.042,-0.017,0.183,-0.131
16,16,128,0.15,0.1,0.1,0.0005,0.001,16,16,0.01,0.8609806823730469,0.281,0.232,0.286,0.34,0.281,0.34,0.271,0.345,0.315,0.433,0.374,0.429,0.32,0.419,0.276,0.414,0.991,1.071,0.903,0.885,1.041,0.999,1.031,0.92,0.849,0.566,0.618,0.665,0.754,0.678,1.088,0.741,0.336,0.326,0.106,0.295,0.217,0.221,0.225,0.348,0.312,0.063,0.107,0.336,0.2,0.288,0.236,0.341
8,4,128,0.5,0,0.5,0.0005,0.0003,8,128,0.002,0.8591857147216797,0.241,0.202,0.335,0.33,0.241,0.281,0.261,0.296,0.296,0.458,0.507,0.379,0.335,0.429,0.266,0.355,1.038,1.126,0.879,0.889,1.056,1.038,1.053,0.983,0.915,0.543,0.586,0.708,0.739,0.712,1.1,0.753,0.19,0.203,0.095,0.143,0.133,0.118,0.058,0.159,-0.08,0.075,-0.007,0.175,0.085,0.001,0.144,0.087
8,4,256,0.15,0.3,0.3,0.0005,0.0005,16,64,0.001,0.8466001129150391,0.227,0.256,0.325,0.33,0.256,0.315,0.276,0.3,0.305,0.438,0.502,0.404,0.325,0.419,0.271,0.379,1.011,1.089,0.888,0.893,1.061,1.021,1.042,0.948,0.891,0.568,0.583,0.699,0.744,0.719,1.107,0.735,0.275,0.296,0.028,0.205,0.135,0.171,0.14,0.279,0.229,-0.074,0.116,0.187,0.09,-0.098,0.178,0.285
4,4,256,0.3,0.3,0.3,0.0003,0.003,16,8,0,0.8415245056152344,0.261,0.281,0.325,0.369,0.266,0.315,0.261,0.31,0.31,0.532,0.517,0.409,0.355,0.424,0.212,0.389,0.998,1.089,0.886,0.868,1.056,1.016,1.032,0.95,0.871,0.53,0.573,0.694,0.727,0.684,1.109,0.741,0.309,0.304,0.15,0.264,0.182,0.204,0.184,0.32,0.274,0.013,0.194,0.228,0.185,0.283,0.221,0.285
16,8,64,0.1,0.2,0.3,0.0005,0.0003,1,64,0.002,0.8723993682861328,0.222,0.266,0.315,0.36,0.266,0.325,0.296,0.296,0.33,0.478,0.512,0.36,0.389,0.389,0.281,0.325,1.027,1.079,0.876,0.894,1.044,0.985,1.017,0.959,0.93,0.581,0.601,0.736,0.719,0.745,1.105,0.747,0.262,0.28,0.159,0.203,0.226,0.267,0.238,0.281,0.04,0.029,0.148,0.155,0.23,-0.117,0.172,0.284
4,4,128,0.5,0,0.1,0.0005,0.0005,8,128,0.01,0.8467416381835937,0.241,0.241,0.34,0.34,0.251,0.305,0.271,0.3,0.31,0.498,0.483,0.409,0.394,0.419,0.271,0.355,1.036,1.116,0.893,0.883,1.054,1.038,1.045,0.991,0.886,0.544,0.596,0.704,0.742,0.713,1.092,0.747,0.214,0.21,0.107,0.198,0.073,0.074,0.082,0.121,0.184,-0.049,0.081,0.142,0.029,-0.107,0.123,0.156
8,4,128,0.15,0,0,0.0005,0.0003,1,16,0,0.8295172882080079,0.276,0.325,0.266,0.345,0.232,0.34,0.281,0.325,0.296,0.414,0.389,0.35,0.414,0.419,0.256,0.36,0.963,1.007,0.919,0.891,1.044,0.964,0.978,0.929,0.92,0.613,0.651,0.744,0.722,0.744,1.084,0.755,0.373,0.404,0.065,0.246,0.258,0.328,0.341,0.338,0.023,0.031,0.076,0.173,0.268,0.01,0.22,0.263
16,4,64,0.2,0,0.3,0.0003,0.0003,16,64,0.002,0.8607886505126953,0.241,0.281,0.34,0.325,0.256,0.281,0.246,0.291,0.32,0.414,0.502,0.379,0.414,0.429,0.202,0.384,1.048,1.061,0.891,0.897,1.041,1.015,1.029,0.952,0.937,0.599,0.615,0.726,0.728,0.723,1.125,0.748,0.248,0.301,0.167,0.235,0.221,0.255,0.251,0.286,0.005,0.002,0.124,0.149,0.209,-0.005,0.189,0.226
8,4,128,0,0.2,0.3,0.001,0.001,4,64,0.001,0.8666918182373047,0.256,0.212,0.3,0.34,0.266,0.305,0.286,0.291,0.3,0.557,0.478,0.404,0.389,0.429,0.266,0.36,1.017,1.114,0.909,0.876,1.074,1.035,1.062,0.958,0.912,0.522,0.602,0.704,0.751,0.706,1.107,0.747,0.268,0.237,0.117,0.205,0.117,0.124,0.115,0.245,-0.068,0.107,0.099,0.13,0.088,0.133,0.115,0.218
16,4,64,0.1,0.1,0.1,0.0003,0.003,8,128,0.01,0.8771903991699219,0.246,0.261,0.281,0.335,0.256,0.325,0.3,0.3,0.271,0.409,0.433,0.399,0.374,0.404,0.266,0.404,1.007,1.067,0.914,0.884,1.045,1.003,1.002,0.922,0.988,0.628,0.648,0.703,0.748,0.79,1.08,0.753,0.331,0.339,0.167,0.239,0.226,0.234,0.272,0.326,-0.296,-0.011,0.126,0.284,0.203,-0.246,0.195,0.192
4,16,256,0.3,0.15,0.1,0.003,0.0005,16,8,0.001,0.8801411437988281,0.241,0.207,0.34,0.34,0.256,0.296,0.246,0.3,0.296,0.384,0.414,0.409,0.33,0.355,0.276,0.394,1.076,1.108,0.883,0.879,1.05,1.043,1.031,0.963,0.902,0.564,0.622,0.707,0.749,0.734,1.082,0.79,0.249,0.253,0.12,0.241,0.192,0.191,0.199,0.241,0.086,-0.019,0.055,0.177,0.14,0.087,0.22,0.121
16,8,128,0,0.2,0.5,0.003,0.0005,16,4,0,0.8992253875732422,0.3,0.251,0.291,0.36,0.286,0.325,0.31,0.261,0.291,0.493,0.493,0.394,0.419,0.404,0.286,0.335,0.954,1.037,0.986,0.858,0.995,0.968,0.963,1.043,0.872,0.566,0.61,0.711,0.701,0.697,1.058,0.805,0.397,0.425,-0.003,0.335,0.315,0.339,0.374,0.346,0.239,0.013,0.114,0.222,0.304,0.22,0.262,0.253
8,4,256,0.1,0.1,0.5,0.0003,0.001,16,4,0.002,0.8723646545410156,0.222,0.276,0.335,0.325,0.251,0.286,0.281,0.32,0.32,0.507,0.512,0.374,0.365,0.409,0.217,0.36,1.027,1.106,0.893,0.908,1.067,1.045,1.043,0.951,0.872,0.533,0.586,0.71,0.737,0.679,1.125,0.749,0.258,0.243,0.065,0.259,0.157,0.143,0.155,0.28,0.294,0.101,0.129,0.177,0.194,0.276,0.155,0.289
16,16,64,0.15,0.5,0.2,0.0003,0.0005,16,128,0.001,0.8812769317626953,0.246,0.296,0.365,0.345,0.241,0.291,0.286,0.271,0.315,0.429,0.443,0.389,0.355,0.389,0.236,0.384,1.083,1.097,0.889,0.904,1.061,1.045,0.999,0.981,0.898,0.645,0.609,0.752,0.756,0.725,1.132,0.745,0.21,0.213,0.2,0.151,0.159,0.158,0.199,0.21,0.148,-0.049,0.132,0.094,0.107,0.08,0.141,0.19
16,8,256,0,0.2,0.3,0.0003,0.003,8,128,0,0.8664540100097656,0.31,0.281,0.33,0.325,0.256,0.31,0.271,0.315,0.315,0.463,0.453,0.374,0.36,0.399,0.246,0.345,1.012,1.116,0.871,0.904,1.073,1.039,1.097,0.953,0.899,0.612,0.619,0.714,0.778,0.721,1.15,0.748,0.283,0.226,0.206,0.186,0.158,0.138,0.111,0.26,0.245,-0.021,0.165,0.262,0.079,0.023,0.099,0.179
16,16,256,0.15,0.5,0.1,0.0003,0.001,16,128,0.001,0.8758683013916015,0.271,0.271,0.31,0.355,0.236,0.33,0.271,0.345,0.315,0.443,0.532,0.394,0.335,0.443,0.236,0.365,1.012,1.094,0.867,0.891,1.085,1.041,1.061,0.956,0.864,0.587,0.582,0.693,0.767,0.688,1.124,0.763,0.303,0.276,0.23,0.225,0.138,0.125,0.152,0.271,0.26,-0.054,0.192,0.26,0.101,0.206,0.149,0.23
8,4,128,0.1,0,0.3,0.0003,0.003,4,64,0.01,0.8601651763916016,0.305,0.271,0.325,0.345,0.266,0.325,0.271,0.325,0.315,0.463,0.458,0.394,0.355,0.365,0.241,0.389,0.99,1.094,0.898,0.893,1.072,1.04,1.072,0.931,0.904,0.568,0.601,0.701,0.774,0.765,1.117,0.738,0.324,0.281,0.136,0.232,0.159,0.158,0.157,0.301,0.09,-0.01,0.134,0.272,0.135,-0.278,0.184,0.29
8,8,64,0.1,0.15,0.5,0.0003,0.003,16,4,0,0.8773485565185547,0.266,0.33,0.345,0.379,0.227,0.286,0.291,0.35,0.32,0.36,0.429,0.355,0.33,0.409,0.197,0.424,0.998,1.074,0.883,0.879,1.083,1.031,1.062,0.965,0.851,0.565,0.594,0.765,0.761,0.683,1.146,0.766,0.319,0.306,0.161,0.266,0.173,0.208,0.167,0.29,0.276,0.192,0.14,0.16,0.127,0.249,0.188,0.275
4,4,64,0.2,0.2,0.2,0.0005,0.001,4,128,0.01,0.8683993530273437,0.241,0.241,0.325,0.369,0.241,0.315,0.271,0.31,0.31,0.399,0.419,0.369,0.36,0.379,0.261,0.355,1.024,1.118,0.877,0.894,1.062,1.021,1.032,0.965,0.906,0.558,0.607,0.751,0.786,0.765,1.095,0.756,0.241,0.222,0.187,0.153,0.144,0.151,0.168,0.232,-0.07,-0.083,0.14,0.098,0.116,-0.223,0.181,0.129
16,16,256,0.5,0.1,0.1,0.001,0.0003,16,16,0,0.8426792907714844,0.271,0.325,0.32,0.345,0.222,0.305,0.261,0.296,0.325,0.493,0.394,0.389,0.345,0.424,0.251,0.409,0.997,1.103,0.886,0.869,1.084,0.999,1.015,0.938,0.872,0.564,0.61,0.731,0.746,0.686,1.113,0.748,0.302,0.262,0.079,0.264,0.163,0.216,0.213,0.324,0.239,-0.043,0.116,0.154,0.109,0.255,0.218,0.258
16,8,256,0.15,0.1,0.2,0.003,0.0005,16,64,0,0.851292724609375,0.271,0.251,0.335,0.33,0.227,0.296,0.271,0.281,0.305,0.419,0.483,0.389,0.369,0.394,0.207,0.34,1.006,1.108,0.885,0.889,1.083,1.026,1.062,0.952,0.897,0.55,0.598,0.716,0.762,0.689,1.117,0.752,0.288,0.231,0.132,0.218,0.162,0.189,0.189,0.272,0.195,0.054,0.132,0.098,0.154,0.194,0.2,0.193
4,8,64,0.2,0.15,0.15,0.001,0.0005,16,8,0.001,0.85379150390625,0.261,0.3,0.212,0.335,0.261,0.286,0.31,0.296,0.305,0.433,0.433,0.374,0.419,0.379,0.266,0.36,0.989,1.025,0.946,0.876,1.007,0.985,0.966,0.95,0.932,0.64,0.629,0.734,0.715,0.745,1.061,0.764,0.37,0.381,0.053,0.309,0.307,0.34,0.362,0.327,0.008,-0.057,0.132,0.216,0.313,0.0,0.275,0.189
4,8,256,0,0,0.1,0.0003,0.001,16,16,0.002,0.8807280731201171,0.246,0.241,0.345,0.33,0.246,0.291,0.251,0.305,0.32,0.355,0.473,0.365,0.3,0.424,0.256,0.355,1.015,1.089,0.887,0.878,1.123,1.03,1.056,0.956,0.92,0.623,0.619,0.733,0.753,0.727,1.12,0.742,0.26,0.303,0.116,0.268,0.079,0.151,0.12,0.283,-0.123,0.012,0.03,0.192,0.094,-0.026,0.148,0.257
8,16,64,0.15,0.15,0.15,0.0003,0.003,1,128,0.01,0.924342041015625,0.296,0.271,0.345,0.33,0.256,0.32,0.271,0.315,0.271,0.443,0.394,0.389,0.369,0.399,0.236,0.345,1.009,1.051,0.917,0.874,1.08,1.014,1.042,0.96,0.996,0.66,0.715,0.744,0.817,0.788,1.154,0.769,0.333,0.329,0.17,0.304,0.157,0.234,0.187,0.244,-0.286,-0.044,0.096,0.227,0.14,-0.168,0.151,0.151
4,4,64,0.1,0,0.3,0.0003,0.0005,4,64,0.01,0.8504883575439454,0.232,0.31,0.296,0.335,0.276,0.33,0.315,0.281,0.296,0.414,0.483,0.374,0.438,0.409,0.251,0.32,0.992,1.031,0.93,0.879,0.996,0.951,0.971,0.959,0.956,0.605,0.597,0.717,0.676,0.738,1.062,0.747,0.343,0.376,0.056,0.268,0.286,0.353,0.349,0.313,-0.024,-0.001,0.15,0.23,0.318,-0.011,0.246,0.28
4,8,128,0.15,0.5,0.5,0.0003,0.003,8,8,0.01,0.8628450775146485,0.241,0.251,0.325,0.365,0.236,0.315,0.246,0.325,0.34,0.532,0.488,0.404,0.369,0.414,0.232,0.394,1.012,1.09,0.889,0.877,1.081,1.028,1.055,0.94,0.855,0.538,0.588,0.693,0.786,0.667,1.129,0.752,0.285,0.299,0.123,0.287,0.163,0.205,0.186,0.313,0.341,-0.027,0.113,0.226,0.153,0.307,0.18,0.287
8,8,64,0.2,0.15,0.15,0.0003,0.0003,1,128,0.01,0.989827880859375,0.256,0.246,0.266,0.31,0.241,0.256,0.31,0.291,0.281,0.379,0.36,0.34,0.296,0.394,0.177,0.409,1.126,1.15,1.012,0.895,1.162,1.111,1.101,0.982,0.991,0.706,0.737,0.875,0.849,0.758,1.231,0.767,0.233,0.153,0.184,0.189,-0.041,0.104,0.018,0.215,-0.062,-0.047,0.058,0.074,-0.06,-0.02,0.095,0.045
4,8,128,0.2,0.3,0.3,0.0005,0.0003,4,128,0,0.8744843292236328,0.266,0.256,0.32,0.35,0.241,0.266,0.266,0.296,0.296,0.493,0.404,0.369,0.335,0.399,0.271,0.379,1.027,1.105,0.881,0.9,1.066,1.041,1.053,0.961,0.897,0.541,0.65,0.734,0.777,0.71,1.117,0.748,0.201,0.253,0.12,0.1,0.092,0.055,0.107,0.236,0.148,-0.032,0.043,0.085,0.022,0.125,0.086,0.058
16,4,256,0,0.3,0.3,0.001,0.001,4,16,0.01,0.8799870300292969,0.261,0.291,0.325,0.345,0.256,0.281,0.281,0.305,0.281,0.493,0.478,0.36,0.36,0.433,0.271,0.365,1.032,1.111,0.892,0.9,1.118,1.066,1.057,0.973,0.921,0.555,0.599,0.719,0.766,0.717,1.126,0.749,0.29,0.247,0.15,0.202,0.096,0.122,0.134,0.223,0.058,-0.048,0.128,0.209,0.1,0.028,0.137,0.212
16,8,64,0.3,0.1,0.5,0.0003,0.001,1,32,0.001,0.8532269287109375,0.256,0.296,0.315,0.345,0.261,0.32,0.315,0.315,0.315,0.409,0.468,0.399,0.369,0.448,0.241,0.335,0.99,1.046,0.872,0.886,1.055,0.991,0.978,0.943,0.917,0.605,0.62,0.717,0.738,0.733,1.087,0.746,0.383,0.372,0.222,0.262,0.242,0.273,0.289,0.313,0.058,-0.017,0.152,0.252,0.22,-0.02,0.221,0.261
16,4,256,0.2,0.3,0.5,0.003,0.001,4,8,0.002,0.8444387817382812,0.276,0.241,0.36,0.335,0.281,0.305,0.286,0.31,0.335,0.532,0.493,0.458,0.404,0.443,0.256,0.433,0.975,1.072,0.92,0.892,1.031,0.984,1.027,0.926,0.869,0.554,0.573,0.696,0.733,0.681,1.06,0.755,0.321,0.3,0.067,0.245,0.202,0.23,0.233,0.341,0.324,0.158,0.153,0.329,0.221,0.29,0.253,0.325
16,8,256,0,0.1,0.15,0.0003,0.001,16,4,0,0.881294174194336,0.261,0.305,0.34,0.3,0.256,0.3,0.296,0.291,0.335,0.379,0.483,0.384,0.369,0.419,0.236,0.374,1.029,1.09,0.884,0.94,1.104,1.034,1.061,0.968,0.872,0.555,0.577,0.727,0.754,0.712,1.152,0.762,0.251,0.243,0.201,0.232,0.136,0.128,0.145,0.25,0.266,0.13,0.171,0.215,0.147,0.177,0.137,0.2
4,16,256,0.15,0.3,0.2,0.001,0.0005,16,4,0.002,0.8829017639160156,0.271,0.251,0.291,0.34,0.246,0.34,0.276,0.31,0.325,0.522,0.433,0.404,0.31,0.414,0.256,0.374,1.009,1.101,0.927,0.883,1.078,1.023,1.056,0.992,0.892,0.539,0.601,0.689,0.769,0.692,1.096,0.777,0.263,0.231,-0.044,0.228,0.105,0.153,0.139,0.221,0.216,-0.002,0.107,0.209,0.122,0.23,0.147,0.243
8,8,64,0.15,0.1,0.2,0.003,0.003,4,64,0.01,0.8620474243164062,0.3,0.232,0.315,0.315,0.236,0.32,0.305,0.335,0.31,0.557,0.498,0.419,0.379,0.424,0.246,0.355,1.021,1.092,0.88,0.909,1.068,1.032,1.08,0.937,0.904,0.528,0.585,0.699,0.762,0.669,1.11,0.759,0.3,0.288,0.192,0.289,0.179,0.175,0.153,0.305,0.303,0.097,0.171,0.277,0.144,0.304,0.21,0.258
16,4,128,0,0,0,0.003,0.0003,16,128,0.002,0.8676437377929688,0.251,0.3,0.335,0.33,0.241,0.276,0.256,0.305,0.291,0.468,0.498,0.374,0.399,0.384,0.281,0.355,1.046,1.113,0.883,0.896,1.066,1.041,1.053,0.979,0.903,0.564,0.594,0.742,0.743,0.715,1.093,0.756,0.147,0.188,0.102,0.136,0.084,0.085,0.097,0.152,0.086,0.013,0.062,-0.002,0.056,0.039,0.122,0.138
16,4,128,0.15,0.5,0.15,0.003,0.0005,4,64,0.01,0.849456787109375,0.227,0.276,0.32,0.32,0.261,0.271,0.246,0.296,0.32,0.502,0.488,0.369,0.389,0.394,0.276,0.369,1.019,1.103,0.882,0.912,1.071,1.039,1.05,0.973,0.923,0.547,0.617,0.714,0.741,0.726,1.089,0.737,0.246,0.241,0.126,0.117,0.075,0.061,0.086,0.231,-0.108,0.059,0.178,0.135,0.087,-0.013,0.145,0.218
4,4,256,0.5,0.15,0.3,0.0003,0.003,16,8,0.002,0.8463880920410156,0.256,0.3,0.305,0.315,0.246,0.315,0.271,0.345,0.32,0.414,0.453,0.384,0.399,0.458,0.197,0.433,0.999,1.06,0.914,0.89,1.047,0.999,1.031,0.931,0.893,0.589,0.618,0.745,0.753,0.697,1.108,0.739,0.341,0.343,0.068,0.248,0.234,0.244,0.23,0.339,0.181,-0.024,0.023,0.165,0.176,0.146,0.196,0.329
4,8,128,0.3,0.3,0,0.0003,0.0005,16,8,0,0.8614464569091796,0.266,0.256,0.33,0.335,0.256,0.325,0.286,0.296,0.315,0.512,0.463,0.414,0.384,0.414,0.232,0.365,0.999,1.092,0.9,0.867,1.056,1.01,1.019,0.961,0.878,0.542,0.594,0.703,0.728,0.69,1.085,0.743,0.267,0.262,-0.028,0.281,0.169,0.202,0.213,0.281,0.21,-0.03,0.1,0.195,0.18,0.215,0.207,0.267
4,4,64,0.5,0.5,0.2,0.003,0.0003,16,16,0.002,0.8042111206054687,0.305,0.32,0.261,0.35,0.291,0.31,0.365,0.32,0.315,0.433,0.488,0.355,0.399,0.384,0.276,0.374,0.958,0.993,0.926,0.849,0.972,0.977,0.91,0.929,0.875,0.588,0.592,0.735,0.715,0.696,1.035,0.748,0.423,0.437,0.048,0.381,0.371,0.385,0.446,0.356,0.222,0.002,0.168,0.196,0.347,0.221,0.319,0.314
16,4,128,0.15,0.5,0.3,0.0005,0.0005,1,4,0.002,0.8711665344238281,0.251,0.261,0.31,0.325,0.246,0.325,0.261,0.31,0.34,0.379,0.463,0.369,0.35,0.429,0.256,0.355,1.009,1.09,0.887,0.893,1.083,1.054,1.06,0.962,0.864,0.576,0.598,0.726,0.795,0.688,1.12,0.748,0.283,0.263,0.159,0.229,0.138,0.115,0.145,0.283,0.256,-0.109,0.098,0.119,0.07,0.222,0.165,0.268
8,16,128,0.1,0.2,0.1,0.0005,0.0005,4,8,0.002,0.8609957122802734,0.246,0.246,0.291,0.32,0.266,0.32,0.271,0.3,0.325,0.448,0.488,0.399,0.335,0.419,0.227,0.389,1.001,1.083,0.902,0.897,1.117,1.026,1.04,0.951,0.887,0.566,0.605,0.695,0.763,0.697,1.145,0.747,0.296,0.288,0.09,0.174,0.123,0.149,0.128,0.297,0.102,-0.038,0.1,0.197,0.05,0.15,0.165,0.279
4,8,256,0.2,0.15,0.2,0.003,0.0003,1,128,0.001,0.8585557556152343,0.212,0.281,0.34,0.335,0.251,0.3,0.281,0.291,0.315,0.473,0.404,0.389,0.36,0.399,0.286,0.36,1.081,1.087,0.88,0.89,1.048,1.039,1.036,0.992,0.905,0.55,0.612,0.714,0.743,0.711,1.077,0.758,0.121,0.248,0.146,0.138,0.112,0.154,0.152,0.142,0.041,0.049,0.101,0.119,0.075,0.057,0.139,0.062
16,4,64,0.1,0.1,0.1,0.0005,0.003,8,8,0.001,0.8293069458007812,0.266,0.276,0.271,0.379,0.251,0.251,0.261,0.32,0.374,0.448,0.483,0.429,0.384,0.443,0.291,0.374,0.988,1.071,0.937,0.879,1.047,1.064,1.039,0.93,0.846,0.57,0.599,0.682,0.733,0.696,1.115,0.741,0.33,0.306,0.039,0.278,0.203,0.171,0.2,0.316,0.305,0.012,0.099,0.251,0.239,0.256,0.203,0.287
16,8,256,0.3,0,0,0.001,0.0003,1,64,0.002,0.8661499786376953,0.266,0.296,0.32,0.33,0.251,0.32,0.276,0.305,0.33,0.473,0.507,0.433,0.34,0.438,0.241,0.365,1.025,1.077,0.845,0.879,1.038,1.02,1.024,0.94,0.9,0.556,0.578,0.696,0.737,0.719,1.073,0.747,0.27,0.294,0.279,0.206,0.225,0.209,0.208,0.33,0.103,-0.034,0.184,0.2,0.167,0.014,0.257,0.194
16,4,64,0.1,0.2,0.2,0.0005,0.001,1,128,0.002,0.9093473052978516,0.236,0.281,0.31,0.33,0.241,0.281,0.261,0.33,0.33,0.433,0.483,0.379,0.379,0.414,0.261,0.36,1.046,1.101,0.911,0.913,1.114,1.1,1.124,0.942,0.934,0.612,0.585,0.722,0.768,0.762,1.138,0.753,0.258,0.254,0.182,0.166,0.102,0.067,0.114,0.281,-0.067,-0.01,0.156,0.239,0.139,-0.109,0.158,0.283
16,16,64,0,0.3,0.2,0.0003,0.003,1,4,0.002,0.8856646728515625,0.256,0.305,0.305,0.34,0.246,0.31,0.281,0.296,0.291,0.384,0.483,0.374,0.32,0.369,0.241,0.374,1.039,1.107,0.889,0.874,1.065,1.039,1.025,0.969,0.967,0.602,0.586,0.714,0.746,0.76,1.11,0.76,0.221,0.265,0.187,0.26,0.231,0.177,0.19,0.253,-0.26,0.041,0.138,0.209,0.188,-0.237,0.202,0.181
4,4,128,0,0.3,0,0.0005,0.0003,1,64,0,0.8381974029541016,0.222,0.246,0.3,0.33,0.246,0.345,0.271,0.286,0.296,0.473,0.483,0.419,0.419,0.409,0.271,0.35,1.046,1.131,0.915,0.883,1.048,1.022,1.031,0.958,0.925,0.548,0.57,0.7,0.721,0.729,1.089,0.742,0.204,0.19,0.129,0.21,0.112,0.126,0.146,0.244,-0.163,-0.059,0.242,0.181,0.16,-0.174,0.181,0.223
16,8,128,0.2,0,0.1,0.0003,0.0003,1,4,0,0.8616036987304687,0.232,0.315,0.281,0.374,0.256,0.335,0.315,0.286,0.286,0.399,0.453,0.35,0.374,0.429,0.256,0.433,1.006,1.063,0.908,0.895,1.093,1.044,1.068,0.96,0.975,0.613,0.607,0.746,0.763,0.726,1.099,0.756,0.295,0.311,0.091,0.158,0.09,0.053,0.106,0.294,-0.16,-0.031,0.138,0.194,0.133,0.008,0.169,0.29
16,16,64,0.1,0.5,0,0.0005,0.003,4,32,0.002,0.8789257049560547,0.286,0.227,0.34,0.335,0.246,0.32,0.266,0.305,0.33,0.552,0.488,0.424,0.335,0.443,0.236,0.36,1.007,1.111,0.867,0.909,1.072,1.049,1.044,0.98,0.885,0.56,0.587,0.692,0.759,0.703,1.127,0.753,0.278,0.245,0.216,0.223,0.147,0.136,0.159,0.245,0.212,0.021,0.113,0.263,0.161,0.123,0.157,0.201
8,16,64,0,0.15,0,0.001,0.001,16,8,0.002,0.8739307403564454,0.236,0.296,0.345,0.365,0.266,0.33,0.286,0.32,0.34,0.507,0.488,0.374,0.33,0.409,0.246,0.399,1.028,1.091,0.881,0.879,1.092,1.02,1.048,0.975,0.86,0.552,0.624,0.708,0.759,0.684,1.128,0.755,0.213,0.245,0.074,0.269,0.113,0.158,0.146,0.256,0.251,-0.016,0.124,0.221,0.121,0.233,0.137,0.292
16,8,64,0.1,0,0.1,0.0005,0.001,1,32,0.01,0.8633415985107422,0.246,0.276,0.281,0.34,0.271,0.296,0.315,0.305,0.32,0.404,0.458,0.394,0.384,0.438,0.236,0.34,1.004,1.04,0.91,0.878,1.055,1.017,0.986,0.961,0.958,0.644,0.645,0.736,0.737,0.745,1.086,0.759,0.352,0.368,0.149,0.264,0.236,0.265,0.318,0.295,-0.058,-0.017,0.121,0.234,0.218,-0.07,0.214,0.22
8,8,256,0.1,0.1,0.1,0.0005,0.0003,1,16,0,0.84402099609375,0.241,0.305,0.335,0.296,0.266,0.34,0.281,0.286,0.325,0.532,0.507,0.419,0.369,0.389,0.271,0.404,1.008,1.079,0.886,0.927,1.056,1.015,1.01,0.976,0.903,0.556,0.582,0.698,0.753,0.714,1.095,0.75,0.259,0.25,0.062,0.182,0.134,0.157,0.179,0.241,0.063,-0.092,0.14,0.184,0.082,0.04,0.176,0.203
16,8,128,0.15,0,0.1,0.0003,0.0005,16,8,0,0.8571189880371094,0.291,0.236,0.281,0.33,0.251,0.276,0.222,0.305,0.33,0.458,0.488,0.365,0.35,0.399,0.202,0.394,1.052,1.127,0.903,0.906,1.115,1.08,1.086,0.998,0.907,0.566,0.604,0.734,0.806,0.723,1.171,0.764,0.197,0.212,0.088,0.145,0.059,0.058,0.051,0.163,-0.009,-0.055,0.09,0.091,0.016,-0.044,0.099,0.194
16,4,128,0.2,0.1,0.15,0.0005,0.0005,8,4,0.001,0.8704158782958984,0.232,0.271,0.345,0.325,0.246,0.291,0.276,0.291,0.325,0.498,0.502,0.429,0.419,0.404,0.197,0.389,1.023,1.096,0.886,0.886,1.081,1.054,1.061,0.965,0.913,0.537,0.587,0.687,0.766,0.689,1.13,0.76,0.264,0.257,0.089,0.279,0.15,0.178,0.174,0.273,0.237,-0.018,0.165,0.213,0.125,0.244,0.18,0.26
16,16,64,0.15,0.5,0.15,0.0005,0.0005,8,16,0,0.83663330078125,0.246,0.325,0.271,0.369,0.271,0.315,0.261,0.345,0.296,0.463,0.478,0.35,0.419,0.394,0.256,0.414,0.997,1.026,0.919,0.867,1.005,0.972,0.981,0.94,0.922,0.597,0.613,0.709,0.702,0.73,1.062,0.745,0.351,0.344,0.115,0.298,0.289,0.318,0.321,0.328,0.097,0.014,0.135,0.194,0.302,0.046,0.228,0.286
4,16,256,0.3,0.2,0,0.003,0.003,8,16,0,0.8464304351806641,0.256,0.232,0.3,0.345,0.296,0.33,0.276,0.271,0.32,0.527,0.419,0.414,0.389,0.468,0.281,0.443,1.003,1.117,0.991,0.858,1.038,1.029,1.028,0.968,0.86,0.579,0.621,0.706,0.714,0.685,1.108,0.794,0.292,0.29,-0.034,0.297,0.184,0.251,0.258,0.284,0.289,-0.065,0.035,0.232,0.196,0.257,0.207,0.204
16,8,64,0.3,0,0.15,0.003,0.003,16,4,0.001,0.8793171691894531,0.261,0.222,0.315,0.345,0.251,0.32,0.261,0.31,0.32,0.532,0.502,0.384,0.355,0.384,0.212,0.379,1.002,1.105,0.909,0.859,1.044,1.019,1.019,0.976,0.907,0.574,0.62,0.695,0.733,0.702,1.12,0.772,0.287,0.269,0.022,0.284,0.192,0.179,0.238,0.252,0.166,0.036,0.052,0.21,0.166,0.183,0.184,0.181
4,8,128,0.5,0,0,0.003,0.003,1,128,0.001,0.8442274475097656,0.256,0.207,0.33,0.33,0.246,0.281,0.261,0.305,0.3,0.36,0.502,0.399,0.389,0.409,0.251,0.355,1.02,1.126,0.89,0.88,1.05,1.03,1.035,0.96,0.923,0.572,0.618,0.712,0.745,0.731,1.1,0.747,0.262,0.242,0.008,0.226,0.153,0.166,0.132,0.268,-0.093,-0.034,0.08,0.159,0.034,-0.28,0.107,0.243
4,16,256,0,0.3,0.1,0.003,0.0005,16,4,0,0.8876514434814453,0.276,0.192,0.335,0.3,0.261,0.281,0.271,0.32,0.335,0.542,0.458,0.429,0.345,0.409,0.281,0.365,1.012,1.129,0.891,1.008,1.086,1.051,1.085,0.953,0.893,0.541,0.6,0.724,0.778,0.699,1.134,0.727,0.265,0.249,0.053,0.271,0.133,0.215,0.175,0.287,0.133,-0.022,0.112,0.081,0.143,0.21,0.167,0.344
16,16,256,0.15,0,0.15,0.0003,0.003,16,64,0.001,0.8646457672119141,0.251,0.276,0.31,0.365,0.256,0.291,0.276,0.34,0.34,0.478,0.488,0.365,0.35,0.429,0.207,0.369,1.029,1.098,0.864,0.929,1.088,1.042,1.033,0.945,0.854,0.55,0.595,0.697,0.759,0.68,1.13,0.778,0.299,0.287,0.228,0.252,0.18,0.185,0.208,0.294,0.32,0.068,0.104,0.285,0.185,0.28,0.206,0.217
4,8,64,0.2,0.15,0.1,0.001,0.001,4,32,0.001,0.8537320709228515,0.251,0.31,0.266,0.34,0.286,0.325,0.305,0.286,0.305,0.424,0.448,0.379,0.433,0.394,0.246,0.34,0.979,1.003,0.931,0.884,1.012,0.961,0.988,0.947,0.918,0.658,0.641,0.745,0.727,0.728,1.084,0.757,0.366,0.399,0.075,0.295,0.267,0.344,0.334,0.33,0.081,-0.068,0.101,0.198,0.28,0.069,0.241,0.249
8,16,256,0.2,0.1,0.1,0.0005,0.001,4,128,0.01,0.8564234161376953,0.261,0.276,0.345,0.33,0.266,0.276,0.261,0.296,0.305,0.493,0.483,0.365,0.34,0.414,0.266,0.355,1.016,1.071,0.865,0.885,1.083,1.037,1.041,0.956,0.948,0.554,0.619,0.702,0.769,0.711,1.1,0.741,0.268,0.285,0.175,0.241,0.157,0.172,0.161,0.25,-0.076,-0.029,0.068,0.227,0.083,0.097,0.179,0.262
16,16,128,0.5,0,0,0.0003,0.001,8,4,0.002,0.8854953002929687,0.241,0.276,0.35,0.394,0.251,0.33,0.246,0.296,0.325,0.478,0.502,0.394,0.365,0.419,0.192,0.384,1.041,1.08,0.894,0.879,1.07,1.019,1.061,0.972,0.87,0.534,0.582,0.698,0.738,0.687,1.126,0.749,0.244,0.302,0.125,0.264,0.203,0.225,0.209,0.278,0.27,0.158,0.189,0.23,0.195,0.201,0.21,0.264
16,4,64,0.1,0.1,0,0.003,0.0003,8,32,0,0.84671875,0.271,0.276,0.3,0.36,0.276,0.33,0.33,0.33,0.286,0.453,0.468,0.369,0.414,0.389,0.266,0.389,0.988,1.013,0.954,0.863,0.986,0.929,0.903,0.934,0.904,0.606,0.615,0.739,0.708,0.719,1.042,0.748,0.391,0.406,0.03,0.284,0.333,0.4,0.463,0.326,0.217,-0.054,0.111,0.24,0.358,0.183,0.292,0.309
8,16,128,0.2,0.2,0,0.0005,0.0003,1,64,0.001,0.8587179565429688,0.251,0.276,0.33,0.355,0.241,0.305,0.266,0.271,0.305,0.399,0.453,0.355,0.34,0.409,0.296,0.35,1.015,1.089,0.875,0.892,1.065,1.014,1.03,0.955,0.904,0.583,0.594,0.727,0.752,0.723,1.094,0.75,0.264,0.251,0.145,0.226,0.118,0.2,0.212,0.28,0.089,-0.147,0.138,0.132,0.148,-0.015,0.17,0.196
8,8,256,0.1,0,0,0.0005,0.0005,4,32,0.01,0.8805117797851563,0.271,0.335,0.315,0.325,0.256,0.3,0.241,0.296,0.31,0.374,0.374,0.374,0.355,0.414,0.222,0.384,1.013,1.104,0.921,0.885,1.047,1.03,1.03,0.971,0.9,0.576,0.617,0.717,0.762,0.706,1.129,0.757,0.227,0.242,-0.034,0.227,0.164,0.17,0.18,0.215,0.051,-0.052,0.069,0.138,0.094,0.139,0.194,0.129
8,16,128,0.15,0.2,0.3,0.003,0.003,8,64,0.001,0.8526109313964844,0.222,0.276,0.34,0.345,0.246,0.31,0.271,0.286,0.315,0.507,0.498,0.389,0.335,0.448,0.227,0.399,1.031,1.099,0.879,0.892,1.077,1.026,1.038,0.986,0.882,0.542,0.621,0.706,0.75,0.7,1.118,0.756,0.226,0.244,0.129,0.233,0.124,0.197,0.156,0.224,0.241,-0.036,0.098,0.189,0.11,0.194,0.171,0.262
16,4,256,0.2,0.2,0.5,0.001,0.001,1,8,0.001,0.8516679382324219,0.251,0.286,0.315,0.33,0.251,0.31,0.276,0.345,0.31,0.552,0.483,0.394,0.369,0.419,0.227,0.374,1.02,1.07,0.903,0.898,1.05,1.032,1.048,0.945,0.855,0.54,0.576,0.679,0.737,0.685,1.089,0.739,0.287,0.313,0.071,0.25,0.226,0.158,0.152,0.302,0.331,0.079,0.202,0.299,0.178,0.286,0.216,0.29
4,16,64,0.1,0,0.1,0.001,0.001,8,4,0.001,0.9334063720703125,0.256,0.222,0.291,0.31,0.271,0.271,0.266,0.261,0.291,0.517,0.498,0.384,0.379,0.315,0.241,0.34,1.019,1.098,0.995,0.927,1.088,1.138,1.05,1.004,0.974,0.662,0.675,0.72,0.762,0.743,1.177,0.752,0.288,0.295,0.052,0.31,0.192,0.245,0.223,0.281,0.059,-0.029,0.098,0.2,0.196,0.123,0.199,0.27
16,16,64,0.5,0.1,0.3,0.0005,0.001,1,8,0.001,0.864769287109375,0.246,0.3,0.33,0.34,0.246,0.296,0.241,0.296,0.33,0.389,0.404,0.345,0.369,0.409,0.241,0.35,1.028,1.097,0.891,0.903,1.049,1.029,1.034,0.968,0.881,0.562,0.618,0.722,0.732,0.702,1.093,0.751,0.231,0.279,0.079,0.199,0.181,0.186,0.151,0.217,0.169,0.07,0.008,0.155,0.146,0.137,0.198,0.183
16,4,64,0.5,0.3,0.15,0.003,0.0005,1,8,0.001,0.8316966247558594,0.232,0.33,0.232,0.32,0.232,0.31,0.345,0.276,0.291,0.438,0.394,0.355,0.374,0.399,0.281,0.365,1.037,1.047,0.97,0.887,1.035,0.993,0.964,0.942,0.934,0.622,0.649,0.757,0.748,0.726,1.116,0.758,0.321,0.344,0.014,0.287,0.267,0.315,0.375,0.32,0.041,-0.009,0.144,0.155,0.254,0.073,0.226,0.265
16,4,64,0.5,0.3,0.15,0.0005,0.003,1,128,0.002,0.8466855621337891,0.241,0.296,0.286,0.33,0.246,0.305,0.227,0.281,0.271,0.409,0.404,0.394,0.36,0.379,0.246,0.404,1.018,1.097,0.902,0.88,1.042,1.005,1.028,0.948,0.929,0.607,0.606,0.704,0.752,0.77,1.076,0.746,0.289,0.278,0.138,0.217,0.214,0.182,0.211,0.304,-0.191,-0.053,0.157,0.237,0.161,-0.239,0.213,0.208
8,16,256,0.5,0.2,0.15,0.0003,0.0005,1,4,0.002,0.8752175903320313,0.222,0.315,0.325,0.355,0.241,0.335,0.261,0.3,0.32,0.365,0.389,0.384,0.296,0.424,0.232,0.355,1.026,1.107,0.891,0.884,1.062,1.024,1.035,0.956,0.875,0.562,0.612,0.698,0.777,0.698,1.121,0.757,0.257,0.315,0.079,0.254,0.147,0.15,0.16,0.303,0.242,-0.005,0.127,0.199,0.105,0.179,0.215,0.252
8,16,64,0.2,0.1,0.3,0.003,0.001,16,4,0.001,0.8940506744384765,0.266,0.256,0.271,0.35,0.227,0.3,0.246,0.291,0.33,0.34,0.483,0.374,0.3,0.443,0.222,0.34,1.009,1.074,0.917,0.883,1.134,1.046,1.044,0.978,0.876,0.58,0.587,0.773,0.772,0.693,1.1,0.777,0.293,0.319,0.139,0.239,0.176,0.184,0.184,0.26,0.225,0.079,0.165,0.201,0.174,0.216,0.211,0.205
4,8,128,0,0.15,0.15,0.0005,0.001,4,4,0,0.8551396179199219,0.261,0.256,0.33,0.36,0.256,0.291,0.286,0.315,0.325,0.507,0.498,0.414,0.35,0.458,0.227,0.379,1.006,1.086,0.885,0.882,1.062,1.013,1.027,0.968,0.862,0.544,0.583,0.692,0.746,0.674,1.105,0.75,0.281,0.288,0.089,0.258,0.157,0.178,0.199,0.24,0.261,0.038,0.173,0.244,0.147,0.265,0.214,0.277
16,16,128,0.2,0.5,0.15,0.0003,0.001,4,16,0.002,0.8612614440917968,0.246,0.271,0.325,0.32,0.251,0.32,0.266,0.35,0.3,0.552,0.512,0.389,0.379,0.365,0.246,0.374,1.007,1.084,0.88,0.898,1.063,1.031,1.088,0.945,0.912,0.549,0.578,0.707,0.761,0.728,1.112,0.751,0.307,0.284,0.186,0.204,0.193,0.182,0.167,0.296,0.192,0.03,0.221,0.227,0.157,0.148,0.214,0.264
8,16,256,0.2,0.3,0.15,0.001,0.001,8,128,0.01,0.8520804595947266,0.232,0.232,0.31,0.34,0.236,0.315,0.227,0.291,0.32,0.502,0.468,0.419,0.379,0.438,0.212,0.355,1.011,1.116,0.909,0.88,1.071,1.018,1.056,0.967,0.887,0.549,0.58,0.698,0.754,0.701,1.108,0.744,0.275,0.234,0.077,0.251,0.158,0.184,0.142,0.259,0.163,0.019,0.162,0.191,0.163,0.151,0.196,0.251
4,4,256,0.1,0.2,0,0.003,0.0003,4,16,0.01,0.8484592437744141,0.261,0.286,0.246,0.296,0.256,0.33,0.335,0.335,0.335,0.438,0.443,0.36,0.429,0.448,0.232,0.345,0.946,1.006,0.922,0.866,1.017,0.971,0.939,0.927,0.859,0.589,0.611,0.719,0.737,0.688,1.098,0.743,0.441,0.437,0.069,0.349,0.322,0.353,0.421,0.374,0.287,-0.023,0.139,0.24,0.314,0.246,0.254,0.334
16,4,128,0.1,0.1,0.5,0.001,0.0005,8,8,0.001,0.8487137603759766,0.246,0.276,0.335,0.35,0.266,0.296,0.256,0.276,0.31,0.483,0.507,0.409,0.34,0.424,0.276,0.404,1.002,1.099,0.899,0.907,1.073,1.039,1.041,0.96,0.883,0.546,0.593,0.706,0.745,0.718,1.093,0.743,0.259,0.245,0.009,0.174,0.092,0.124,0.138,0.256,0.197,-0.009,0.127,0.181,0.078,0.126,0.188,0.262
8,16,128,0,0.2,0.15,0.0005,0.0005,16,32,0.002,0.8602183532714843,0.271,0.32,0.325,0.315,0.246,0.296,0.296,0.32,0.325,0.379,0.453,0.424,0.345,0.414,0.222,0.384,1.009,1.078,0.865,0.876,1.049,1.02,1.007,0.924,0.886,0.591,0.587,0.688,0.736,0.697,1.085,0.742,0.314,0.312,0.213,0.27,0.218,0.208,0.224,0.337,0.179,-0.043,0.154,0.264,0.201,0.165,0.236,0.237
8,4,256,0.3,0.3,0.5,0.0005,0.0005,8,16,0,0.8517223358154297,0.222,0.315,0.335,0.335,0.241,0.305,0.261,0.296,0.315,0.532,0.493,0.374,0.345,0.409,0.232,0.409,1.028,1.115,0.88,0.901,1.077,1.032,1.039,0.975,0.884,0.532,0.578,0.711,0.748,0.694,1.111,0.75,0.222,0.23,0.137,0.168,0.129,0.127,0.15,0.243,0.206,0.009,0.187,0.151,0.107,0.176,0.161,0.244
16,16,128,0,0.2,0.1,0.0003,0.0003,16,16,0.002,0.8537905883789062,0.241,0.251,0.325,0.345,0.266,0.3,0.266,0.3,0.296,0.498,0.512,0.374,0.379,0.394,0.251,0.365,1.024,1.071,0.895,0.903,1.077,1.048,1.074,0.97,0.909,0.565,0.606,0.71,0.759,0.709,1.113,0.757,0.268,0.289,0.123,0.203,0.141,0.144,0.162,0.25,0.13,-0.065,0.096,0.222,0.146,0.117,0.201,0.231
4,8,128,0.15,0.5,0,0.0003,0.0005,4,64,0,0.8499979400634765,0.227,0.256,0.227,0.35,0.261,0.325,0.256,0.3,0.31,0.517,0.478,0.365,0.355,0.35,0.261,0.404,1.044,1.092,0.943,0.868,1.069,1.033,1.068,0.976,0.906,0.545,0.566,0.727,0.763,0.756,1.062,0.741,0.237,0.303,0.055,0.247,0.134,0.136,0.074,0.203,0.022,-0.164,0.227,0.164,0.154,-0.11,0.251,0.214
4,4,128,0,0.15,0.1,0.003,0.0005,1,32,0,0.8553787231445312,0.217,0.271,0.291,0.335,0.271,0.3,0.271,0.325,0.33,0.498,0.527,0.404,0.335,0.438,0.261,0.365,1.041,1.105,0.918,0.91,1.022,1.016,0.998,0.956,0.889,0.535,0.575,0.707,0.732,0.699,1.062,0.75,0.206,0.212,0.032,0.125,0.215,0.169,0.224,0.273,0.124,0.011,0.188,0.098,0.146,0.122,0.233,0.248
16,16,256,0.15,0.1,0.3,0.0005,0.0003,8,128,0.002,0.8661388397216797,0.271,0.271,0.34,0.315,0.246,0.3,0.305,0.271,0.33,0.409,0.468,0.394,0.35,0.414,0.241,0.355,1.024,1.102,0.873,0.886,1.083,1.017,1.047,0.982,0.906,0.592,0.595,0.708,0.752,0.712,1.112,0.765,0.211,0.202,0.149,0.208,0.119,0.16,0.124,0.213,0.008,-0.174,0.145,0.131,0.11,0.003,0.148,0.167
8,8,256,0.3,0.1,0.15,0.001,0.0005,8,32,0.002,0.8498291015625,0.222,0.3,0.33,0.34,0.256,0.32,0.276,0.305,0.32,0.453,0.507,0.369,0.384,0.409,0.251,0.365,1.016,1.087,0.89,0.892,1.062,1.028,1.056,0.961,0.89,0.549,0.587,0.71,0.744,0.699,1.107,0.744,0.268,0.286,0.097,0.214,0.135,0.109,0.136,0.278,0.232,-0.084,0.123,0.134,0.083,0.178,0.175,0.304
16,8,128,0.15,0.2,0,0.0003,0.0005,8,4,0,0.9065457153320312,0.227,0.296,0.33,0.34,0.266,0.32,0.251,0.276,0.33,0.394,0.443,0.394,0.36,0.424,0.236,0.369,1.071,1.096,0.903,0.893,1.088,1.052,1.056,0.994,0.918,0.586,0.612,0.718,0.775,0.723,1.142,0.757,0.251,0.279,0.192,0.24,0.176,0.199,0.175,0.273,-0.024,-0.039,0.114,0.226,0.101,-0.041,0.227,0.23
4,16,256,0,0.1,0.1,0.0005,0.003,16,32,0.001,0.8841949462890625,0.261,0.241,0.325,0.335,0.236,0.281,0.281,0.305,0.3,0.488,0.507,0.399,0.379,0.429,0.241,0.36,1.038,1.092,0.894,0.886,1.1,1.066,1.056,0.973,0.958,0.573,0.59,0.736,0.788,0.718,1.117,0.758,0.237,0.273,0.184,0.164,0.1,0.13,0.125,0.198,-0.14,0.006,0.162,0.173,0.039,0.024,0.138,0.039
8,4,64,0,0.5,0.2,0.0003,0.003,1,4,0,0.8529582214355469,0.31,0.286,0.227,0.384,0.266,0.3,0.271,0.31,0.315,0.483,0.488,0.404,0.374,0.379,0.251,0.345,0.989,1.094,0.974,0.85,1.09,1.073,1.075,0.968,0.895,0.571,0.614,0.709,0.768,0.726,1.128,0.767,0.283,0.26,0.059,0.322,0.13,0.117,0.145,0.276,0.124,-0.075,0.066,0.17,0.162,-0.039,0.179,0.246
8,16,256,0,0.2,0.3,0.001,0.0003,16,32,0.001,0.8473169708251953,0.266,0.286,0.34,0.32,0.256,0.32,0.227,0.291,0.3,0.532,0.507,0.399,0.394,0.394,0.276,0.414,1.022,1.069,0.887,0.896,1.072,0.994,1.033,0.951,0.896,0.575,0.588,0.695,0.752,0.699,1.112,0.758,0.25,0.285,0.091,0.207,0.155,0.227,0.177,0.303,0.211,-0.037,0.143,0.175,0.111,0.154,0.187,0.294
8,8,256,0.15,0.2,0.5,0.001,0.001,4,16,0,0.8431661224365234,0.271,0.271,0.35,0.34,0.251,0.32,0.281,0.32,0.296,0.527,0.488,0.374,0.31,0.409,0.207,0.404,1.014,1.084,0.868,0.903,1.056,1.018,1.027,0.962,0.903,0.537,0.591,0.711,0.759,0.701,1.134,0.749,0.265,0.319,0.222,0.21,0.236,0.202,0.209,0.318,0.18,0.132,0.185,0.194,0.193,0.13,0.24,0.269
4,4,64,0.3,0.15,0.5,0.001,0.003,16,8,0.01,0.8455003356933594,0.276,0.241,0.355,0.335,0.236,0.325,0.261,0.315,0.32,0.542,0.507,0.424,0.33,0.448,0.222,0.394,0.997,1.1,0.887,0.874,1.073,1.022,1.044,0.952,0.868,0.536,0.594,0.683,0.749,0.689,1.107,0.746,0.291,0.275,0.093,0.271,0.106,0.149,0.141,0.281,0.262,0.135,0.108,0.266,0.124,0.267,0.159,0.28
4,8,64,0,0.1,0.15,0.0003,0.0003,16,128,0.001,0.8933747863769531,0.227,0.291,0.335,0.33,0.241,0.3,0.305,0.3,0.315,0.453,0.463,0.345,0.34,0.389,0.256,0.35,1.041,1.083,0.885,0.892,1.067,1.035,1.018,0.98,0.906,0.583,0.608,0.742,0.747,0.725,1.128,0.741,0.199,0.244,0.132,0.171,0.073,0.16,0.164,0.194,0.006,-0.007,0.056,0.093,0.029,0.012,0.128,0.21
8,4,256,0.15,0.3,0.1,0.0005,0.0003,4,4,0,0.8705303955078125,0.222,0.271,0.33,0.31,0.266,0.305,0.266,0.296,0.33,0.552,0.493,0.409,0.369,0.409,0.251,0.35,1.038,1.109,0.886,0.907,1.092,1.036,1.093,1.002,0.88,0.53,0.61,0.704,0.74,0.684,1.141,0.752,0.189,0.216,0.06,0.186,0.087,0.101,0.108,0.201,0.251,0.13,-0.028,0.166,0.142,0.24,0.132,0.301
16,4,64,0.1,0.2,0.5,0.0005,0.003,16,32,0.001,0.8714954376220703,0.276,0.236,0.325,0.345,0.241,0.325,0.281,0.335,0.335,0.414,0.443,0.409,0.34,0.409,0.256,0.355,1.027,1.109,0.907,0.878,1.065,1.039,1.052,0.951,0.9,0.585,0.619,0.684,0.746,0.703,1.125,0.755,0.287,0.267,0.128,0.273,0.125,0.169,0.145,0.273,0.215,0.058,0.021,0.279,0.171,0.204,0.16,0.262
8,8,64,0,0,0.5,0.0003,0.001,1,16,0.01,0.8736703491210938,0.296,0.266,0.305,0.32,0.276,0.305,0.305,0.335,0.315,0.419,0.389,0.33,0.399,0.443,0.266,0.369,0.986,1.037,0.915,0.874,1.016,0.99,0.984,0.93,0.948,0.649,0.662,0.752,0.731,0.741,1.069,0.756,0.396,0.39,0.085,0.313,0.305,0.322,0.344,0.333,-0.1,-0.015,0.109,0.198,0.294,-0.014,0.271,0.287
16,16,128,0.3,0.2,0.2,0.0003,0.0005,4,64,0.01,0.8606340026855469,0.256,0.266,0.325,0.33,0.251,0.296,0.236,0.32,0.345,0.404,0.502,0.36,0.36,0.424,0.246,0.399,1.011,1.084,0.884,0.886,1.059,1.044,1.052,0.943,0.895,0.571,0.59,0.72,0.748,0.707,1.121,0.747,0.29,0.277,0.129,0.224,0.163,0.122,0.125,0.299,0.097,-0.101,0.161,0.202,0.148,0.056,0.15,0.271
8,8,256,0,0,0.3,0.0005,0.0003,4,128,0.01,0.855329360961914,0.266,0.197,0.34,0.33,0.276,0.32,0.276,0.3,0.276,0.355,0.498,0.419,0.394,0.365,0.261,0.36,1.02,1.125,0.872,0.89,1.059,1.028,1.046,0.977,0.938,0.603,0.594,0.715,0.729,0.734,1.11,0.75,0.201,0.209,0.149,0.206,0.081,0.138,0.155,0.198,-0.122,-0.105,0.125,0.091,0.126,-0.164,0.156,0.175
8,16,64,0.3,0.15,0.3,0.0003,0.0003,4,4,0.002,0.8762105560302734,0.232,0.266,0.241,0.36,0.246,0.345,0.34,0.31,0.32,0.414,0.394,0.365,0.429,0.394,0.251,0.36,1.039,1.051,0.959,0.902,1.037,0.952,0.962,0.951,0.93,0.659,0.682,0.815,0.732,0.754,1.086,0.78,0.33,0.362,0.102,0.3,0.317,0.368,0.383,0.303,0.048,0.03,0.118,0.162,0.317,0.028,0.282,0.201
16,8,64,0.2,0.5,0.1,0.0005,0.001,1,16,0.001,0.8357707977294921,0.241,0.305,0.261,0.369,0.281,0.345,0.33,0.32,0.32,0.424,0.483,0.345,0.419,0.453,0.246,0.374,0.983,0.993,0.926,0.864,1.011,0.984,0.964,0.923,0.896,0.615,0.617,0.753,0.738,0.712,1.069,0.744,0.39,0.416,0.126,0.324,0.305,0.309,0.382,0.365,0.202,0.028,0.152,0.189,0.275,0.156,0.279,0.311
8,8,128,0.2,0.15,0.2,0.001,0.0005,4,16,0.002,0.8427178955078125,0.256,0.281,0.335,0.31,0.256,0.315,0.261,0.286,0.305,0.532,0.493,0.36,0.355,0.384,0.256,0.379,1.035,1.086,0.876,0.903,1.079,1.036,1.068,0.962,0.886,0.527,0.572,0.715,0.757,0.703,1.119,0.759,0.221,0.241,0.147,0.168,0.089,0.1,0.097,0.248,0.19,0.088,0.259,0.155,0.12,0.135,0.143,0.247
4,16,64,0.2,0.5,0.1,0.0003,0.001,4,32,0.002,0.83718017578125,0.286,0.276,0.261,0.34,0.296,0.35,0.296,0.305,0.3,0.399,0.458,0.355,0.414,0.433,0.251,0.369,0.95,1.0,0.944,0.842,1.025,0.977,0.987,0.918,0.91,0.626,0.63,0.706,0.715,0.712,1.076,0.751,0.435,0.43,0.078,0.362,0.294,0.342,0.368,0.354,0.13,-0.05,0.103,0.25,0.336,0.125,0.259,0.229
8,8,64,0,0.5,0,0.003,0.0005,1,128,0,0.8431156921386719,0.236,0.276,0.286,0.369,0.276,0.34,0.32,0.291,0.33,0.438,0.498,0.399,0.424,0.394,0.286,0.36,0.977,1.038,0.91,0.861,0.999,0.976,0.974,0.938,0.899,0.594,0.591,0.712,0.693,0.711,1.066,0.736,0.362,0.38,0.019,0.291,0.286,0.331,0.302,0.339,0.161,-0.066,0.154,0.201,0.297,0.116,0.233,0.291
8,8,128,0.15,0.1,0.5,0.0003,0.001,4,16,0,0.8686614227294922,0.241,0.261,0.325,0.345,0.241,0.305,0.296,0.291,0.315,0.458,0.493,0.374,0.369,0.409,0.266,0.365,1.006,1.082,0.892,0.885,1.051,1.053,1.056,0.961,0.905,0.548,0.602,0.716,0.773,0.698,1.1,0.745,0.28,0.269,0.198,0.221,0.152,0.107,0.159,0.234,0.019,-0.004,0.206,0.214,0.105,0.14,0.167,0.262
16,8,256,0.3,0,0.15,0.0005,0.001,8,8,0.01,0.8656710815429688,0.246,0.236,0.335,0.35,0.227,0.335,0.291,0.31,0.296,0.527,0.507,0.389,0.384,0.365,0.232,0.374,1.029,1.097,0.879,0.877,1.072,1.036,1.059,0.956,0.941,0.562,0.586,0.69,0.747,0.738,1.101,0.752,0.249,0.259,0.139,0.205,0.129,0.078,0.102,0.249,0.207,-0.084,0.125,0.245,0.079,0.185,0.137,0.224
16,4,256,0.2,0.2,0.3,0.0003,0.0003,4,4,0.001,0.8679766082763671,0.261,0.276,0.345,0.36,0.256,0.31,0.256,0.3,0.36,0.517,0.488,0.414,0.36,0.433,0.241,0.35,1.019,1.095,0.909,0.877,1.081,1.03,1.092,0.967,0.859,0.547,0.614,0.695,0.76,0.687,1.116,0.744,0.289,0.266,0.044,0.28,0.154,0.161,0.158,0.271,0.288,0.043,0.095,0.218,0.127,0.255,0.166,0.285
16,8,128,0.5,0.5,0.5,0.0005,0.0003,4,64,0.01,0.8508969116210937,0.232,0.276,0.335,0.31,0.256,0.3,0.261,0.296,0.315,0.522,0.498,0.379,0.355,0.409,0.286,0.379,1.022,1.084,0.881,0.906,1.056,1.026,1.047,0.966,0.894,0.538,0.578,0.706,0.733,0.71,1.093,0.741,0.238,0.3,0.123,0.175,0.139,0.178,0.164,0.234,0.182,0.082,0.142,0.161,0.148,0.103,0.167,0.243
8,8,256,0.5,0.2,0.1,0.0005,0.0005,4,4,0,0.8588662719726563,0.241,0.33,0.34,0.33,0.246,0.266,0.276,0.3,0.31,0.532,0.498,0.355,0.409,0.325,0.251,0.355,1.06,1.135,0.879,0.886,1.032,1.022,1.047,0.972,0.938,0.546,0.585,0.724,0.728,0.755,1.078,0.755,0.135,0.192,0.164,0.145,0.181,0.153,0.109,0.214,-0.112,0.041,0.133,0.101,0.125,-0.089,0.202,-0.003
16,16,128,0.1,0.3,0.1,0.001,0.0003,8,128,0,0.8718568420410157,0.227,0.222,0.315,0.32,0.227,0.291,0.261,0.3,0.31,0.478,0.493,0.374,0.34,0.399,0.241,0.33,1.036,1.117,0.895,0.894,1.086,1.046,1.057,0.97,0.895,0.556,0.58,0.713,0.756,0.715,1.145,0.75,0.207,0.225,0.082,0.182,0.079,0.112,0.105,0.224,0.145,-0.073,0.126,0.184,0.014,0.049,0.072,0.207
4,16,256,0,0.5,0.1,0.003,0.0005,1,4,0.01,0.8859578704833985,0.222,0.251,0.335,0.31,0.251,0.315,0.246,0.291,0.325,0.522,0.488,0.394,0.34,0.379,0.261,0.394,1.029,1.105,0.887,0.899,1.088,1.018,1.062,0.973,0.893,0.562,0.62,0.705,0.755,0.709,1.115,0.782,0.223,0.233,0.126,0.214,0.132,0.183,0.15,0.247,0.199,0.021,0.095,0.188,0.12,0.156,0.157,0.221
16,4,128,0.2,0.1,0.5,0.0005,0.0005,8,8,0.001,0.8580436706542969,0.256,0.251,0.286,0.335,0.251,0.296,0.251,0.315,0.315,0.424,0.507,0.404,0.355,0.448,0.246,0.325,1.016,1.092,0.904,0.894,1.072,1.04,1.064,0.969,0.881,0.548,0.577,0.697,0.743,0.698,1.113,0.749,0.25,0.252,0.105,0.19,0.097,0.098,0.089,0.263,0.223,0.104,0.152,0.213,0.093,0.133,0.124,0.295
4,16,128,0.2,0,0.2,0.0003,0.0005,1,4,0.002,0.8712580108642578,0.251,0.35,0.251,0.35,0.241,0.3,0.305,0.355,0.296,0.409,0.429,0.34,0.404,0.355,0.266,0.414,1.027,1.037,0.961,0.877,1.036,0.984,0.964,0.94,0.968,0.65,0.664,0.766,0.732,0.757,1.082,0.771,0.308,0.378,0.122,0.335,0.282,0.362,0.354,0.273,-0.063,-0.018,0.129,0.217,0.301,-0.023,0.267,0.245
4,16,256,0.15,0.15,0,0.0003,0.001,8,4,0.001,0.8824259185791016,0.241,0.266,0.325,0.335,0.271,0.305,0.241,0.305,0.32,0.527,0.493,0.379,0.355,0.424,0.266,0.389,1.032,1.093,0.888,0.881,1.077,1.045,1.059,0.96,0.873,0.54,0.609,0.7,0.742,0.693,1.122,0.747,0.255,0.269,0.186,0.278,0.129,0.123,0.155,0.282,0.221,0.054,0.047,0.223,0.114,0.199,0.157,0.305
16,4,256,0.3,0.15,0.15,0.001,0.001,1,64,0,0.8504215240478515,0.266,0.251,0.32,0.35,0.232,0.325,0.261,0.291,0.305,0.458,0.483,0.384,0.374,0.424,0.222,0.384,1.014,1.075,0.874,0.88,1.052,1.018,1.042,0.965,0.875,0.567,0.59,0.702,0.756,0.687,1.101,0.767,0.307,0.325,0.16,0.234,0.207,0.154,0.213,0.265,0.234,0.081,0.111,0.221,0.166,0.192,0.226,0.213
4,4,128,0.5,0.1,0.2,0.001,0.003,8,64,0.002,0.8269709014892578,0.261,0.232,0.335,0.335,0.261,0.32,0.232,0.305,0.31,0.532,0.498,0.409,0.414,0.429,0.246,0.36,1.019,1.12,0.889,0.885,1.035,0.994,1.025,0.97,0.908,0.53,0.587,0.704,0.711,0.702,1.054,0.756,0.23,0.23,0.067,0.222,0.174,0.231,0.188,0.213,0.004,0.04,0.063,0.131,0.222,0.112,0.25,0.22
8,8,128,0.5,0.5,0.2,0.0003,0.003,1,16,0.001,0.83251708984375,0.266,0.271,0.315,0.384,0.256,0.325,0.271,0.315,0.325,0.576,0.512,0.384,0.32,0.404,0.246,0.389,1.024,1.089,0.88,0.885,1.054,1.007,1.021,0.958,0.891,0.519,0.574,0.703,0.745,0.701,1.096,0.746,0.253,0.288,0.163,0.236,0.173,0.212,0.184,0.281,0.255,0.167,0.206,0.213,0.158,0.183,0.193,0.257
8,8,256,0.15,0.5,0.3,0.003,0.001,4,128,0.01,0.8535645294189453,0.217,0.217,0.325,0.33,0.236,0.32,0.241,0.296,0.305,0.453,0.438,0.389,0.419,0.355,0.266,0.355,0.993,1.095,0.885,0.889,1.04,0.993,1.015,0.96,0.9,0.587,0.607,0.705,0.719,0.754,1.08,0.747,0.318,0.318,0.107,0.208,0.193,0.228,0.227,0.275,-0.017,-0.069,0.16,0.118,0.176,-0.3,0.198,0.195
16,16,64,0.1,0.5,0.2,0.0005,0.0003,16,16,0.01,0.8366494750976563,0.286,0.241,0.286,0.32,0.276,0.345,0.35,0.33,0.296,0.419,0.443,0.35,0.409,0.419,0.271,0.379,0.987,1.048,0.937,0.883,1.0,0.962,0.936,0.936,0.946,0.631,0.634,0.754,0.71,0.736,1.061,0.757,0.382,0.361,0.126,0.297,0.351,0.324,0.403,0.329,0.104,0.057,0.175,0.204,0.311,0.089,0.29,0.288
16,8,256,0.3,0.5,0.2,0.001,0.0005,4,64,0.001,0.8465407562255859,0.246,0.296,0.325,0.33,0.236,0.296,0.276,0.286,0.33,0.552,0.502,0.389,0.36,0.429,0.241,0.394,1.014,1.078,0.876,0.895,1.07,1.037,1.053,0.952,0.883,0.54,0.579,0.702,0.735,0.697,1.116,0.749,0.256,0.285,0.112,0.205,0.143,0.142,0.14,0.299,0.225,0.11,0.138,0.176,0.166,0.163,0.178,0.285
4,4,64,0.5,0.1,0.2,0.001,0.001,16,4,0.01,0.8535330963134765,0.256,0.207,0.335,0.33,0.246,0.32,0.261,0.3,0.31,0.433,0.507,0.399,0.325,0.31,0.261,0.35,1.013,1.113,0.878,0.888,1.039,1.025,1.036,0.957,0.911,0.56,0.576,0.702,0.757,0.751,1.084,0.738,0.264,0.26,0.119,0.205,0.145,0.131,0.135,0.292,-0.111,-0.048,0.211,0.196,0.093,-0.219,0.192,0.276
16,8,128,0,0,0.2,0.001,0.0005,16,64,0.01,0.84379150390625,0.236,0.291,0.345,0.34,0.281,0.261,0.276,0.305,0.32,0.483,0.473,0.384,0.384,0.384,0.217,0.369,1.018,1.092,0.872,0.891,1.062,1.048,1.044,0.964,0.9,0.544,0.582,0.728,0.74,0.71,1.133,0.763,0.266,0.245,0.18,0.23,0.155,0.172,0.172,0.274,0.158,0.074,0.172,0.171,0.17,0.112,0.165,0.261
8,8,256,0.1,0.3,0.3,0.001,0.001,16,8,0.001,0.8754974365234375,0.246,0.266,0.335,0.35,0.281,0.31,0.266,0.296,0.31,0.532,0.488,0.389,0.414,0.325,0.266,0.35,1.035,1.09,0.886,0.899,1.065,1.046,1.101,0.968,0.907,0.534,0.598,0.708,0.755,0.73,1.108,0.753,0.193,0.258,0.115,0.194,0.111,0.132,0.064,0.207,0.118,0.101,0.075,0.171,0.114,0.137,0.17,0.231
16,8,64,0,0,0.3,0.0005,0.0005,4,128,0,0.9004819488525391,0.246,0.266,0.315,0.345,0.251,0.276,0.286,0.335,0.325,0.433,0.433,0.315,0.291,0.424,0.241,0.389,1.074,1.109,0.902,0.902,1.09,1.055,1.051,0.974,0.911,0.612,0.638,0.77,0.822,0.708,1.16,0.743,0.22,0.224,0.121,0.184,0.14,0.149,0.127,0.246,0.091,-0.058,0.155,0.156,0.027,0.038,0.1,0.255
8,16,64,0.1,0,0.15,0.003,0.003,16,8,0.001,0.8692725372314453,0.266,0.251,0.32,0.369,0.222,0.34,0.271,0.3,0.33,0.557,0.463,0.443,0.389,0.433,0.236,0.478,0.998,1.117,0.905,0.877,1.079,1.041,1.046,0.981,0.866,0.546,0.613,0.679,0.768,0.691,1.118,0.773,0.319,0.295,0.073,0.286,0.171,0.178,0.174,0.307,0.276,0.052,0.101,0.28,0.143,0.244,0.192,0.253
4,16,128,0.15,0.5,0,0.001,0.0003,4,64,0.001,0.862272720336914,0.241,0.31,0.335,0.335,0.251,0.3,0.261,0.305,0.296,0.522,0.498,0.36,0.36,0.419,0.271,0.365,1.016,1.085,0.872,0.886,1.088,1.025,1.041,0.949,0.877,0.534,0.583,0.701,0.745,0.686,1.132,0.748,0.243,0.257,0.167,0.205,0.094,0.14,0.123,0.286,0.219,0.039,0.114,0.14,0.068,0.197,0.132,0.316
8,16,256,0.15,0.3,0,0.001,0.0003,16,128,0.001,0.8553804016113281,0.236,0.222,0.34,0.33,0.251,0.296,0.281,0.296,0.315,0.512,0.483,0.389,0.345,0.419,0.271,0.36,1.037,1.123,0.901,0.901,1.064,1.032,1.063,0.996,0.901,0.548,0.608,0.72,0.748,0.694,1.113,0.751,0.173,0.18,0.051,0.16,0.066,0.138,0.033,0.127,0.063,-0.012,0.005,0.113,0.048,0.192,0.111,0.129
16,16,256,0,0.5,0.15,0.0003,0.0003,1,64,0,0.864281997680664,0.241,0.236,0.31,0.325,0.246,0.31,0.256,0.315,0.305,0.448,0.463,0.355,0.345,0.429,0.246,0.374,1.001,1.122,0.889,0.903,1.06,1.04,1.05,0.963,0.886,0.574,0.587,0.734,0.748,0.711,1.107,0.768,0.273,0.187,0.113,0.122,0.166,0.14,0.19,0.212,0.207,0.062,0.166,0.14,0.154,0.094,0.18,0.131
4,8,64,0,0.15,0.2,0.001,0.0003,8,64,0.002,0.8215592193603516,0.222,0.286,0.315,0.345,0.256,0.345,0.276,0.296,0.291,0.424,0.468,0.345,0.458,0.365,0.271,0.35,0.977,1.043,0.904,0.859,0.993,0.964,0.973,0.934,0.951,0.623,0.597,0.723,0.699,0.755,1.061,0.755,0.369,0.378,0.08,0.3,0.28,0.329,0.336,0.32,-0.135,-0.065,0.138,0.173,0.286,-0.126,0.236,0.225
16,4,256,0.1,0.1,0,0.0005,0.001,4,64,0.002,0.8724098968505859,0.241,0.286,0.33,0.34,0.261,0.291,0.315,0.325,0.315,0.502,0.468,0.374,0.36,0.453,0.232,0.369,1.016,1.076,0.894,0.909,1.094,1.04,1.064,0.946,0.867,0.555,0.595,0.711,0.761,0.68,1.134,0.744,0.283,0.29,0.121,0.187,0.111,0.172,0.116,0.294,0.294,0.011,0.147,0.205,0.122,0.21,0.161,0.267
8,8,128,0.15,0.3,0,0.0003,0.0005,1,16,0,0.8522705078125,0.286,0.31,0.3,0.355,0.246,0.335,0.32,0.365,0.31,0.463,0.424,0.384,0.419,0.404,0.266,0.379,0.93,1.011,0.921,0.859,1.008,0.962,0.985,0.927,0.949,0.617,0.644,0.701,0.716,0.742,1.066,0.756,0.414,0.407,0.131,0.335,0.312,0.341,0.337,0.36,0.067,0.028,0.162,0.287,0.333,0.011,0.272,0.287
16,8,256,0.3,0.5,0.5,0.001,0.001,8,32,0.01,0.8476185607910156,0.232,0.276,0.335,0.325,0.261,0.305,0.256,0.305,0.32,0.502,0.527,0.35,0.34,0.443,0.251,0.35,1.018,1.098,0.889,0.899,1.074,1.022,1.042,0.967,0.869,0.532,0.581,0.721,0.749,0.684,1.133,0.743,0.257,0.273,0.089,0.191,0.157,0.2,0.207,0.279,0.25,0.106,0.163,0.161,0.156,0.227,0.174,0.272
8,8,128,0.3,0.2,0.1,0.001,0.0003,4,16,0.001,0.8303733825683594,0.232,0.3,0.276,0.35,0.286,0.325,0.261,0.3,0.305,0.458,0.429,0.374,0.394,0.394,0.266,0.379,0.985,1.024,0.949,0.868,1.011,0.974,0.998,0.933,0.911,0.605,0.622,0.725,0.713,0.723,1.073,0.753,0.358,0.383,0.029,0.303,0.256,0.289,0.301,0.335,0.074,-0.01,0.08,0.198,0.282,0.085,0.243,0.275
8,16,64,0.1,0.3,0,0.003,0.003,8,8,0,0.8488928985595703,0.241,0.305,0.31,0.335,0.251,0.34,0.286,0.33,0.31,0.522,0.483,0.433,0.365,0.409,0.296,0.409,1.008,1.085,0.918,0.878,1.052,0.999,1.031,0.97,0.88,0.564,0.603,0.71,0.758,0.707,1.114,0.788,0.309,0.286,0.002,0.302,0.184,0.221,0.221,0.307,0.28,0.042,0.078,0.165,0.156,0.237,0.181,0.188
16,16,64,0.2,0.15,0,0.001,0.003,8,64,0.002,0.855074462890625,0.291,0.271,0.305,0.355,0.261,0.325,0.291,0.369,0.33,0.512,0.453,0.409,0.419,0.414,0.241,0.389,0.983,1.055,0.904,0.888,1.036,0.97,1.004,0.901,0.862,0.555,0.612,0.669,0.733,0.687,1.078,0.743,0.366,0.362,0.171,0.286,0.269,0.308,0.301,0.359,0.288,0.071,0.082,0.355,0.257,0.245,0.279,0.287
16,8,64,0.5,0.5,0.5,0.0003,0.003,4,32,0.01,0.8415178680419921,0.256,0.251,0.286,0.355,0.241,0.305,0.251,0.291,0.31,0.414,0.483,0.424,0.33,0.424,0.246,0.36,0.99,1.072,0.905,0.873,1.04,1.008,1.022,0.942,0.875,0.576,0.582,0.689,0.744,0.708,1.105,0.741,0.32,0.318,0.094,0.253,0.216,0.21,0.21,0.318,0.21,-0.031,0.16,0.27,0.194,0.148,0.22,0.293
16,16,256,0.15,0.2,0.5,0.003,0.001,8,128,0.001,0.8563547515869141,0.271,0.256,0.32,0.325,0.256,0.3,0.256,0.286,0.32,0.448,0.493,0.369,0.369,0.409,0.251,0.355,1.033,1.106,0.91,0.898,1.084,1.033,1.069,0.979,0.87,0.558,0.598,0.715,0.742,0.713,1.122,0.761,0.216,0.226,-0.007,0.2,0.092,0.163,0.055,0.24,0.253,0.033,0.082,0.131,0.096,0.069,0.114,0.199
16,8,64,0.3,0,0.3,0.0003,0.0003,4,8,0.002,0.8384688568115234,0.236,0.286,0.271,0.369,0.256,0.34,0.296,0.296,0.305,0.389,0.438,0.379,0.419,0.448,0.246,0.335,0.977,1.008,0.914,0.875,1.019,0.979,0.979,0.938,0.919,0.643,0.633,0.749,0.737,0.728,1.095,0.755,0.395,0.391,0.129,0.304,0.307,0.3,0.335,0.341,0.061,-0.005,0.104,0.2,0.262,0.048,0.246,0.287
4,4,256,0.5,0.3,0.15,0.001,0.003,16,128,0.01,0.8445465087890625,0.217,0.281,0.246,0.33,0.266,0.286,0.266,0.3,0.31,0.443,0.507,0.389,0.379,0.379,0.236,0.355,1.025,1.092,0.9,0.895,1.053,1.033,1.036,0.963,0.905,0.552,0.577,0.709,0.735,0.713,1.082,0.75,0.216,0.26,0.125,0.127,0.109,0.109,0.12,0.254,0.14,-0.006,0.152,0.136,0.083,0.089,0.158,0.168
8,4,128,0.5,0.1,0.15,0.003,0.003,16,64,0.001,0.8430683135986328,0.246,0.227,0.32,0.325,0.251,0.32,0.256,0.296,0.31,0.532,0.498,0.389,0.424,0.419,0.271,0.365,1.004,1.093,0.893,0.874,1.031,1.006,1.017,0.95,0.898,0.544,0.584,0.697,0.725,0.708,1.055,0.749,0.291,0.297,0.055,0.224,0.215,0.23,0.248,0.303,0.111,-0.014,0.192,0.187,0.217,0.06,0.244,0.241
8,16,128,0.5,0.3,0.15,0.0003,0.003,1,128,0.01,0.8716847229003907,0.222,0.286,0.34,0.34,0.232,0.32,0.276,0.325,0.31,0.365,0.463,0.36,0.409,0.33,0.261,0.369,1.031,1.087,0.882,0.869,1.054,0.986,1.009,0.962,0.903,0.644,0.596,0.72,0.776,0.761,1.086,0.749,0.257,0.28,0.08,0.273,0.138,0.258,0.229,0.258,0.099,-0.066,0.129,0.126,0.087,-0.178,0.182,0.071
8,8,128,0.2,0,0,0.001,0.003,8,8,0.01,0.8552790069580078,0.271,0.232,0.32,0.33,0.261,0.33,0.281,0.31,0.296,0.522,0.522,0.399,0.389,0.419,0.232,0.345,1.074,1.101,0.901,0.919,1.074,1.023,1.082,0.974,0.907,0.532,0.579,0.695,0.754,0.684,1.154,0.749,0.277,0.28,0.048,0.273,0.131,0.155,0.155,0.244,0.285,0.064,0.137,0.222,0.126,0.235,0.16,0.29
8,8,64,0.2,0,0.15,0.003,0.003,4,32,0.001,0.8523893737792969,0.256,0.222,0.286,0.369,0.266,0.34,0.276,0.32,0.32,0.488,0.478,0.419,0.33,0.433,0.232,0.399,0.999,1.074,0.878,0.883,1.04,1.007,1.028,0.924,0.85,0.548,0.592,0.692,0.752,0.671,1.106,0.757,0.333,0.353,0.24,0.258,0.231,0.232,0.219,0.356,0.324,0.061,0.119,0.283,0.203,0.317,0.251,0.314
16,16,256,0.1,0.1,0.15,0.0003,0.001,16,16,0.001,0.8733046722412109,0.246,0.256,0.305,0.33,0.261,0.34,0.3,0.355,0.305,0.532,0.483,0.424,0.389,0.414,0.187,0.384,1.04,1.075,0.881,0.897,1.085,1.036,1.053,0.949,0.901,0.537,0.603,0.688,0.776,0.692,1.143,0.748,0.26,0.311,0.198,0.26,0.156,0.192,0.172,0.27,0.314,0.071,0.072,0.254,0.165,0.231,0.201,0.251
4,16,256,0.15,0.5,0.2,0.0005,0.0005,4,8,0.001,0.8692910766601563,0.251,0.266,0.345,0.325,0.246,0.32,0.286,0.281,0.325,0.374,0.502,0.399,0.394,0.443,0.227,0.36,1.028,1.101,0.89,0.908,1.058,1.03,1.05,0.977,0.882,0.565,0.592,0.713,0.741,0.688,1.126,0.76,0.229,0.253,0.09,0.178,0.142,0.143,0.155,0.223,0.205,-0.052,0.133,0.15,0.116,0.215,0.149,0.207
4,16,64,0.3,0,0.15,0.001,0.003,1,64,0.01,0.8611605834960937,0.232,0.271,0.291,0.365,0.251,0.33,0.286,0.315,0.315,0.36,0.443,0.394,0.374,0.414,0.266,0.374,1.0,1.077,0.917,0.873,1.058,1.02,1.032,0.964,0.899,0.621,0.637,0.732,0.758,0.725,1.089,0.752,0.302,0.315,0.135,0.232,0.138,0.168,0.131,0.249,0.06,-0.061,0.098,0.242,0.109,-0.095,0.179,0.142
16,4,128,0.1,0.15,0,0.0005,0.0005,8,4,0.001,0.8614717864990235,0.261,0.241,0.291,0.34,0.246,0.325,0.261,0.305,0.315,0.502,0.488,0.404,0.365,0.424,0.232,0.369,0.985,1.091,0.904,0.88,1.06,1.028,1.07,0.961,0.857,0.54,0.59,0.705,0.747,0.683,1.113,0.741,0.299,0.298,0.088,0.237,0.146,0.138,0.138,0.281,0.266,0.102,0.129,0.238,0.15,0.27,0.172,0.274
16,4,256,0,0.2,0.2,0.003,0.0005,4,128,0.01,0.8857566833496093,0.241,0.271,0.325,0.335,0.246,0.276,0.256,0.315,0.3,0.532,0.493,0.35,0.345,0.365,0.241,0.34,1.009,1.08,0.873,0.91,1.093,1.036,1.056,0.936,0.899,0.548,0.59,0.699,0.751,0.715,1.145,0.743,0.264,0.286,0.161,0.139,0.129,0.199,0.15,0.309,0.157,0.025,0.106,0.207,0.076,0.053,0.144,0.274
16,16,256,0.5,0.3,0.2,0.0005,0.003,8,4,0.01,0.8813645172119141,0.266,0.266,0.345,0.36,0.271,0.305,0.261,0.3,0.305,0.433,0.517,0.399,0.33,0.419,0.212,0.355,1.047,1.104,0.884,0.873,1.072,1.078,1.053,0.967,0.883,0.562,0.582,0.697,0.743,0.699,1.157,0.771,0.212,0.252,0.141,0.263,0.123,0.115,0.087,0.227,0.208,-0.022,0.148,0.186,0.089,0.157,0.139,0.197
4,16,64,0.5,0.1,0.3,0.0005,0.001,4,4,0.002,0.9413295745849609,0.256,0.32,0.286,0.355,0.232,0.305,0.271,0.32,0.315,0.468,0.433,0.389,0.35,0.409,0.207,0.424,1.046,1.106,0.913,0.871,1.067,1.032,1.045,0.97,0.898,0.568,0.61,0.708,0.757,0.708,1.14,0.765,0.261,0.263,0.103,0.285,0.233,0.222,0.215,0.291,0.138,-0.035,0.12,0.253,0.198,0.146,0.219,0.204
8,4,64,0.2,0.2,0.1,0.003,0.003,16,16,0,0.8579090118408204,0.246,0.266,0.34,0.33,0.271,0.3,0.266,0.3,0.305,0.33,0.502,0.394,0.36,0.414,0.261,0.379,1.014,1.089,0.886,0.901,1.065,1.024,1.055,0.975,0.888,0.579,0.595,0.707,0.74,0.7,1.114,0.758,0.264,0.261,0.115,0.248,0.137,0.178,0.141,0.231,0.18,-0.02,0.098,0.164,0.137,0.116,0.166,0.212
4,8,128,0.15,0.15,0.15,0.0003,0.0003,16,32,0,0.8400200653076172,0.232,0.266,0.276,0.369,0.256,0.31,0.261,0.325,0.315,0.394,0.429,0.369,0.379,0.404,0.236,0.389,1.018,1.08,0.911,0.852,1.022,0.983,1.003,0.96,0.903,0.57,0.617,0.706,0.714,0.732,1.061,0.77,0.291,0.318,0.106,0.275,0.273,0.286,0.276,0.248,0.031,-0.029,0.145,0.235,0.285,-0.076,0.271,0.137
16,4,64,0.5,0.1,0.15,0.001,0.001,4,32,0.002,0.8464414978027344,0.227,0.222,0.315,0.355,0.261,0.3,0.222,0.296,0.291,0.542,0.507,0.369,0.384,0.384,0.256,0.394,1.028,1.113,0.894,0.882,1.066,1.029,1.039,0.963,0.912,0.537,0.569,0.711,0.734,0.726,1.101,0.754,0.234,0.237,0.1,0.242,0.172,0.148,0.18,0.278,0.2,0.177,0.223,0.192,0.163,0.159,0.197,0.274
16,8,64,0.1,0,0.2,0.003,0.003,1,32,0,0.8744293212890625,0.261,0.305,0.31,0.34,0.281,0.305,0.286,0.34,0.34,0.483,0.488,0.399,0.345,0.429,0.241,0.409,1.0,1.068,0.867,0.874,1.042,1.016,1.032,0.908,0.859,0.55,0.581,0.68,0.753,0.695,1.108,0.746,0.35,0.366,0.241,0.282,0.22,0.224,0.214,0.368,0.253,0.057,0.154,0.336,0.169,0.219,0.201,0.301
16,4,64,0,0.15,0.5,0.003,0.003,8,8,0,0.8714785003662109,0.222,0.281,0.315,0.384,0.232,0.325,0.281,0.31,0.31,0.443,0.468,0.379,0.404,0.424,0.241,0.409,1.094,1.092,0.891,0.889,1.074,1.022,1.046,0.963,0.858,0.549,0.596,0.694,0.742,0.694,1.131,0.768,0.294,0.277,0.117,0.256,0.172,0.165,0.186,0.277,0.288,0.02,0.104,0.28,0.156,0.254,0.181,0.207
4,8,128,0.2,0.2,0,0.003,0.0005,1,4,0.001,0.8524549865722656,0.251,0.227,0.325,0.345,0.236,0.325,0.286,0.276,0.325,0.527,0.502,0.419,0.345,0.389,0.276,0.389,1.017,1.088,0.907,0.909,1.049,1.015,1.018,0.96,0.907,0.539,0.603,0.704,0.732,0.704,1.088,0.747,0.236,0.278,-0.038,0.246,0.14,0.171,0.171,0.267,0.189,-0.035,-0.013,0.183,0.156,0.172,0.197,0.306
4,4,64,0.15,0.3,0.1,0.003,0.003,8,64,0.01,0.85916748046875,0.261,0.305,0.34,0.335,0.266,0.286,0.271,0.305,0.32,0.532,0.498,0.369,0.33,0.419,0.271,0.394,1.0,1.076,0.884,0.876,1.082,1.033,1.056,0.954,0.879,0.533,0.588,0.698,0.743,0.693,1.113,0.745,0.297,0.283,0.123,0.247,0.115,0.157,0.14,0.287,0.233,-0.049,0.093,0.175,0.107,0.195,0.146,0.307
